url,month,churn_sum,weighted_dmm_sum,dmm_monthly_w,cum_churn,cum_weighted_dmm,dmm_cumulative_w
https://github.com/Alfresco/rest-api-explorer,2022-09-01,103,0.0,0.0,103,0.0,0.0
https://github.com/Alfresco/rest-api-explorer,2022-10-01,1290,0.0,0.0,1393,0.0,0.0
https://github.com/Alfresco/rest-api-explorer,2022-11-01,610,0.0,0.0,2003,0.0,0.0
https://github.com/Alfresco/rest-api-explorer,2022-12-01,582,0.0,0.0,2585,0.0,0.0
https://github.com/Alfresco/rest-api-explorer,2023-01-01,60,0.0,0.0,2645,0.0,0.0
https://github.com/Alfresco/rest-api-explorer,2023-02-01,178,0.0,0.0,2823,0.0,0.0
https://github.com/Alfresco/rest-api-explorer,2023-03-01,31,0.0,0.0,2854,0.0,0.0
https://github.com/Alfresco/rest-api-explorer,2023-04-01,35,0.0,0.0,2889,0.0,0.0
https://github.com/Alfresco/rest-api-explorer,2023-05-01,54,0.0,0.0,2943,0.0,0.0
https://github.com/Alfresco/rest-api-explorer,2023-07-01,14,0.0,0.0,2957,0.0,0.0
https://github.com/Alfresco/rest-api-explorer,2023-08-01,8,0.0,0.0,2965,0.0,0.0
https://github.com/Alfresco/rest-api-explorer,2023-10-01,26,0.0,0.0,2991,0.0,0.0
https://github.com/Alfresco/rest-api-explorer,2024-01-01,11,0.0,0.0,3002,0.0,0.0
https://github.com/Alfresco/rest-api-explorer,2024-02-01,85,0.0,0.0,3087,0.0,0.0
https://github.com/Alfresco/rest-api-explorer,2024-03-01,244,0.0,0.0,3331,0.0,0.0
https://github.com/Alfresco/rest-api-explorer,2024-06-01,272,0.0,0.0,3603,0.0,0.0
https://github.com/Alfresco/rest-api-explorer,2024-08-01,12,0.0,0.0,3615,0.0,0.0
https://github.com/Alfresco/rest-api-explorer,2024-09-01,28,0.0,0.0,3643,0.0,0.0
https://github.com/Alfresco/rest-api-explorer,2024-11-01,155,0.0,0.0,3798,0.0,0.0
https://github.com/Alfresco/rest-api-explorer,2024-12-01,55,0.0,0.0,3853,0.0,0.0
https://github.com/Alfresco/rest-api-explorer,2025-01-01,108,0.0,0.0,3961,0.0,0.0
https://github.com/Alfresco/rest-api-explorer,2025-02-01,115,0.0,0.0,4076,0.0,0.0
https://github.com/Azure/amqpnetlite,2022-09-01,90,0.0,0.0,90,0.0,0.0
https://github.com/Azure/amqpnetlite,2022-10-01,374,0.0,0.0,464,0.0,0.0
https://github.com/Azure/amqpnetlite,2022-11-01,36,0.0,0.0,500,0.0,0.0
https://github.com/Azure/amqpnetlite,2022-12-01,203,0.0,0.0,703,0.0,0.0
https://github.com/Azure/amqpnetlite,2023-01-01,181,28.666666666666664,0.1583793738489871,884,28.666666666666664,0.03242835595776772
https://github.com/Azure/amqpnetlite,2023-04-01,84,0.0,0.0,968,28.666666666666664,0.02961432506887052
https://github.com/Azure/amqpnetlite,2023-05-01,944,618.3847283406753,0.655068568157495,1912,647.051395007342,0.3384160015728776
https://github.com/Azure/amqpnetlite,2023-09-01,156,138.43243243243245,0.8873873873873875,2068,785.4838274397744,0.3798277695550166
https://github.com/Azure/amqpnetlite,2023-10-01,23,2.0,0.08695652173913043,2091,787.4838274397744,0.3766063258918098
https://github.com/Azure/amqpnetlite,2023-11-01,44,30.62745098039215,0.6960784313725489,2135,818.1112784201665,0.38319029434199836
https://github.com/Azure/amqpnetlite,2023-12-01,116,43.21568627450981,0.37254901960784315,2251,861.3269646946763,0.3826419212326416
https://github.com/Azure/amqpnetlite,2024-01-01,4,0.0,0.0,2255,861.3269646946763,0.3819631772481935
https://github.com/Azure/amqpnetlite,2024-02-01,91,44.65217391304348,0.4906832298136646,2346,905.9791386077198,0.38618036598794536
https://github.com/Azure/amqpnetlite,2024-03-01,363,174.9441624365482,0.4819398414229978,2709,1080.923301044268,0.399011923604381
https://github.com/Azure/amqpnetlite,2024-05-01,454,254.10215053763434,0.5596963668229832,3163,1335.0254515819024,0.4220757039462227
https://github.com/Azure/amqpnetlite,2024-06-01,355,10.717948717948717,0.03019140483929216,3518,1345.7434002998511,0.3825308130471436
https://github.com/Azure/amqpnetlite,2024-07-01,240,65.0,0.2708333333333333,3758,1410.7434002998511,0.3753973923096996
https://github.com/Azure/amqpnetlite,2024-08-01,103,0.0,0.0,3861,1410.7434002998511,0.3653829060605675
https://github.com/Azure/amqpnetlite,2024-09-01,364,209.66666666666666,0.576007326007326,4225,1620.4100669665177,0.38352900993290356
https://github.com/Azure/amqpnetlite,2024-10-01,17,0.0,0.0,4242,1620.4100669665177,0.38199200069932054
https://github.com/Azure/amqpnetlite,2024-11-01,1663,1091.3333333333333,0.6562437362196832,5905,2711.743400299851,0.4592283489076801
https://github.com/Azure/amqpnetlite,2024-12-01,415,61.74999999999999,0.14879518072289155,6320,2773.493400299851,0.4388438924525081
https://github.com/Azure/amqpnetlite,2025-01-01,420,141.48888888888888,0.33687830687830683,6740,2914.98228918874,0.43248995388556977
https://github.com/Azure/amqpnetlite,2025-02-01,1106,20.0,0.018083182640144666,7846,2934.98228918874,0.3740737049692506
https://github.com/Azure/azure-docs-powershell-azuread,2022-10-01,161,0.0,0.0,161,0.0,0.0
https://github.com/Azure/azure-docs-powershell-azuread,2022-11-01,10,0.0,0.0,171,0.0,0.0
https://github.com/Azure/azure-docs-powershell-azuread,2022-12-01,9,0.0,0.0,180,0.0,0.0
https://github.com/Azure/azure-docs-powershell-azuread,2023-01-01,51,0.0,0.0,231,0.0,0.0
https://github.com/Azure/azure-docs-powershell-azuread,2023-02-01,171,0.0,0.0,402,0.0,0.0
https://github.com/Azure/azure-docs-powershell-azuread,2023-03-01,38,0.0,0.0,440,0.0,0.0
https://github.com/Azure/azure-docs-powershell-azuread,2023-04-01,4,0.0,0.0,444,0.0,0.0
https://github.com/Azure/azure-docs-powershell-azuread,2023-06-01,348,0.0,0.0,792,0.0,0.0
https://github.com/Azure/azure-docs-powershell-azuread,2023-07-01,543,0.0,0.0,1335,0.0,0.0
https://github.com/Azure/azure-docs-powershell-azuread,2023-08-01,74,0.0,0.0,1409,0.0,0.0
https://github.com/Azure/azure-docs-powershell-azuread,2023-09-01,6,0.0,0.0,1415,0.0,0.0
https://github.com/Azure/azure-docs-powershell-azuread,2023-10-01,48,0.0,0.0,1463,0.0,0.0
https://github.com/Azure/azure-docs-powershell-azuread,2023-11-01,79713,0.0,0.0,81176,0.0,0.0
https://github.com/Azure/azure-docs-powershell-azuread,2023-12-01,14820,0.0,0.0,95996,0.0,0.0
https://github.com/Azure/azure-docs-powershell-azuread,2024-01-01,7765,0.0,0.0,103761,0.0,0.0
https://github.com/Azure/azure-docs-powershell-azuread,2024-02-01,88,0.0,0.0,103849,0.0,0.0
https://github.com/Azure/azure-docs-powershell-azuread,2024-03-01,27,0.0,0.0,103876,0.0,0.0
https://github.com/Azure/azure-docs-powershell-azuread,2024-04-01,189,0.0,0.0,104065,0.0,0.0
https://github.com/Azure/azure-docs-powershell-azuread,2024-05-01,91,0.0,0.0,104156,0.0,0.0
https://github.com/Azure/azure-docs-powershell-azuread,2024-06-01,188,0.0,0.0,104344,0.0,0.0
https://github.com/Azure/azure-docs-powershell-azuread,2024-07-01,29,0.0,0.0,104373,0.0,0.0
https://github.com/Azure/azure-docs-powershell-azuread,2024-08-01,2,0.0,0.0,104375,0.0,0.0
https://github.com/Azure/azure-docs-powershell-azuread,2024-10-01,16347,0.0,0.0,120722,0.0,0.0
https://github.com/Azure/azure-docs-powershell-azuread,2024-11-01,348,0.0,0.0,121070,0.0,0.0
https://github.com/Azure/azure-docs-powershell-azuread,2024-12-01,3734,0.0,0.0,124804,0.0,0.0
https://github.com/Azure/azure-umqtt-c,2023-02-01,220,0.0,0.0,220,0.0,0.0
https://github.com/Azure/azure-umqtt-c,2023-04-01,142,0.0,0.0,362,0.0,0.0
https://github.com/Azure/azure-umqtt-c,2023-05-01,70,0.0,0.0,432,0.0,0.0
https://github.com/Azure/azure-umqtt-c,2023-06-01,4,0.0,0.0,436,0.0,0.0
https://github.com/Azure/azure-umqtt-c,2023-07-01,83,0.0,0.0,519,0.0,0.0
https://github.com/Azure/azure-umqtt-c,2023-08-01,34,0.0,0.0,553,0.0,0.0
https://github.com/Azure/azure-umqtt-c,2023-09-01,10,0.0,0.0,563,0.0,0.0
https://github.com/Azure/azure-umqtt-c,2023-11-01,4,0.0,0.0,567,0.0,0.0
https://github.com/Azure/azure-umqtt-c,2024-01-01,120,0.0,0.0,687,0.0,0.0
https://github.com/Azure/azure-umqtt-c,2024-02-01,27,13.88888888888889,0.51440329218107,714,13.88888888888889,0.019452225334578275
https://github.com/Azure/azure-umqtt-c,2024-03-01,4,0.0,0.0,718,13.88888888888889,0.01934385639121015
https://github.com/Azure/azure-umqtt-c,2024-05-01,4,0.0,0.0,722,13.88888888888889,0.019236688211757464
https://github.com/Azure/azure-umqtt-c,2025-01-01,4,0.0,0.0,726,13.88888888888889,0.019130700948882768
https://github.com/Azure/azure-webjobs-sdk-extensions,2022-10-01,73,23.666666666666664,0.3242009132420091,73,23.666666666666664,0.3242009132420091
https://github.com/Azure/azure-webjobs-sdk-extensions,2022-12-01,29,9.666666666666666,0.3333333333333333,102,33.33333333333333,0.326797385620915
https://github.com/Azure/azure-webjobs-sdk-extensions,2023-02-01,2124,909.3544061302681,0.4281329595716893,2226,942.6877394636015,0.423489550522732
https://github.com/Azure/azure-webjobs-sdk-extensions,2023-03-01,329,174.83791554357592,0.5314222356947597,2555,1117.5256550071774,0.4373877319010479
https://github.com/Azure/azure-webjobs-sdk-extensions,2023-04-01,10,0.0,0.0,2565,1117.5256550071774,0.43568251657199897
https://github.com/Azure/azure-webjobs-sdk-extensions,2023-05-01,4,0.0,0.0,2569,1117.5256550071774,0.43500414753101496
https://github.com/Azure/azure-webjobs-sdk-extensions,2023-06-01,337,151.905303030303,0.4507575757575757,2906,1269.4309580374804,0.4368310247892224
https://github.com/Azure/azure-webjobs-sdk-extensions,2023-08-01,138,62.846296296296295,0.4554079441760601,3044,1332.2772543337767,0.43767321101635237
https://github.com/Azure/azure-webjobs-sdk-extensions,2023-09-01,356,177.38327721661054,0.4982676326309285,3400,1509.6605315503873,0.44401780339717273
https://github.com/Azure/azure-webjobs-sdk-extensions,2023-10-01,19,0.0,0.0,3419,1509.6605315503873,0.441550316335299
https://github.com/Azure/azure-webjobs-sdk-extensions,2023-11-01,210,46.0,0.21904761904761905,3629,1555.6605315503873,0.42867471246910643
https://github.com/Azure/azure-webjobs-sdk-extensions,2024-02-01,31,25.56140350877193,0.8245614035087719,3660,1581.2219350591593,0.4320278511090599
https://github.com/Azure/azure-webjobs-sdk-extensions,2024-04-01,42,12.666666666666666,0.30158730158730157,3702,1593.8886017258258,0.4305479745342587
https://github.com/Azure/azure-webjobs-sdk-extensions,2024-06-01,47,8.666666666666666,0.18439716312056736,3749,1602.5552683924925,0.4274620614543858
https://github.com/Azure/azure-webjobs-sdk-extensions,2024-07-01,736,333.66666666666663,0.45335144927536225,4485,1936.221935059159,0.43171057637885374
https://github.com/Azure/azure-webjobs-sdk-extensions,2024-08-01,6,0.0,0.0,4491,1936.221935059159,0.43113380874174106
https://github.com/Azure/azure-webjobs-sdk-extensions,2024-09-01,728,529.8710865561694,0.7278448991156173,5219,2466.0930216153283,0.4725221348180357
https://github.com/Azure/azure-webjobs-sdk-extensions,2024-10-01,226,88.55555555555554,0.39183874139626346,5445,2554.648577170884,0.4691732924097124
https://github.com/Azure/azure-webjobs-sdk-extensions,2024-11-01,17,0.0,0.0,5462,2554.648577170884,0.46771303133849945
https://github.com/Azure/azure-webjobs-sdk-extensions,2024-12-01,226,123.29508196721311,0.5455534600319164,5688,2677.9436591380972,0.47080584724650093
https://github.com/Azure/azure-webjobs-sdk-extensions,2025-01-01,220,157.76041666666666,0.717092803030303,5908,2835.7040758047638,0.4799769931964732
https://github.com/Azure/azure-webjobs-sdk-extensions,2025-02-01,124,122.0,0.9838709677419355,6032,2957.7040758047638,0.490335556333681
https://github.com/Azure/go-autorest,2023-01-01,96,23.25,0.2421875,96,23.25,0.2421875
https://github.com/Azure/go-autorest,2023-02-01,739,0.0,0.0,835,23.25,0.02784431137724551
https://github.com/Azure/go-autorest,2023-03-01,125,86.58008658008659,0.6926406926406927,960,109.83008658008659,0.11440634018759019
https://github.com/Azure/go-autorest,2023-04-01,6,0.0,0.0,966,109.83008658008659,0.11369574180133186
https://github.com/Azure/go-autorest,2023-05-01,219,0.0,0.0,1185,109.83008658008659,0.09268361736716167
https://github.com/Azure/go-autorest,2023-06-01,4,0.0,0.0,1189,109.83008658008659,0.09237181377635541
https://github.com/Azure/go-autorest,2023-09-01,4,0.0,0.0,1193,109.83008658008659,0.09206210107299798
https://github.com/Azure/go-autorest,2024-01-01,64,0.0,0.0,1257,109.83008658008659,0.0873747705489949
https://github.com/Azure/go-autorest,2024-05-01,2,0.0,0.0,1259,109.83008658008659,0.08723597027806719
https://github.com/Azure/go-autorest,2025-01-01,35,0.0,0.0,1294,109.83008658008659,0.08487641930454914
https://github.com/CastXML/CastXML,2022-11-01,414,87.33333333333333,0.2109500805152979,414,87.33333333333333,0.2109500805152979
https://github.com/CastXML/CastXML,2022-12-01,156,48.82051282051282,0.3129520052596976,570,136.15384615384613,0.23886639676113355
https://github.com/CastXML/CastXML,2023-01-01,1149,150.55411255411255,0.13103055922899265,1719,286.7079587079587,0.1667876432274338
https://github.com/CastXML/CastXML,2023-02-01,9098,79.25,0.008710705649593318,10817,365.9579587079587,0.03383174250790041
https://github.com/CastXML/CastXML,2023-03-01,7738,0.0,0.0,18555,365.9579587079587,0.01972287570509074
https://github.com/CastXML/CastXML,2023-08-01,78,26.0,0.3333333333333333,18633,391.9579587079587,0.021035687152254533
https://github.com/CastXML/CastXML,2023-09-01,10,0.0,0.0,18643,391.9579587079587,0.021024403728367683
https://github.com/CastXML/CastXML,2024-01-01,1888,412.95871761089154,0.21872813432780272,20531,804.9166763188503,0.03920494259017341
https://github.com/CastXML/CastXML,2024-02-01,96,0.0,0.0,20627,804.9166763188503,0.039022479096274314
https://github.com/CastXML/CastXML,2024-03-01,11,0.0,0.0,20638,804.9166763188503,0.03900168021701959
https://github.com/CastXML/CastXML,2024-04-01,10,0.0,0.0,20648,804.9166763188503,0.038982791375380195
https://github.com/CastXML/CastXML,2024-05-01,321,61.5,0.19158878504672897,20969,866.4166763188503,0.041318931580850315
https://github.com/CastXML/CastXML,2024-07-01,221,39.66666666666667,0.17948717948717952,21190,906.0833429855169,0.04275995011729669
https://github.com/CastXML/CastXML,2024-08-01,23,0.0,0.0,21213,906.0833429855169,0.04271358803495578
https://github.com/CastXML/CastXML,2024-10-01,10,0.0,0.0,21223,906.0833429855169,0.042693461950973795
https://github.com/CastXML/CastXML,2024-11-01,141,12.933333333333334,0.09172576832151301,21364,919.0166763188503,0.043017069664802954
https://github.com/CastXML/CastXML,2024-12-01,62,9.0,0.14516129032258066,21426,928.0166763188503,0.04331264241196912
https://github.com/CastXML/CastXML,2025-02-01,43,2.6666666666666665,0.06201550387596899,21469,930.6833429855169,0.04335010214660752
https://github.com/KnpLabs/KnpPaginatorBundle,2022-10-01,870,290.0,0.3333333333333333,870,290.0,0.3333333333333333
https://github.com/KnpLabs/KnpPaginatorBundle,2022-11-01,4,0.0,0.0,874,290.0,0.3318077803203661
https://github.com/KnpLabs/KnpPaginatorBundle,2022-12-01,74,21.200000000000003,0.2864864864864865,948,311.2,0.32827004219409284
https://github.com/KnpLabs/KnpPaginatorBundle,2023-01-01,266,10.636363636363638,0.03998632946001368,1214,321.8363636363636,0.265104088662573
https://github.com/KnpLabs/KnpPaginatorBundle,2023-03-01,352,143.40740740740742,0.40740740740740744,1566,465.24377104377106,0.29709053067929186
https://github.com/KnpLabs/KnpPaginatorBundle,2023-09-01,4,0.0,0.0,1570,465.24377104377106,0.2963336121297905
https://github.com/KnpLabs/KnpPaginatorBundle,2023-11-01,141,0.0,0.0,1711,465.24377104377106,0.2719133670624027
https://github.com/KnpLabs/KnpPaginatorBundle,2024-02-01,4,0.0,0.0,1715,465.24377104377106,0.27127916678937086
https://github.com/KnpLabs/KnpPaginatorBundle,2024-03-01,72,54.4,0.7555555555555555,1787,519.643771043771,0.290791142162155
https://github.com/KnpLabs/KnpPaginatorBundle,2024-04-01,24,4.0,0.16666666666666666,1811,523.643771043771,0.28914620157027665
https://github.com/KnpLabs/KnpPaginatorBundle,2024-05-01,78,0.0,0.0,1889,523.643771043771,0.27720686661925414
https://github.com/KnpLabs/KnpPaginatorBundle,2024-07-01,90,0.0,0.0,1979,523.643771043771,0.26460018749053615
https://github.com/KnpLabs/KnpPaginatorBundle,2024-08-01,548,0.0,0.0,2527,523.643771043771,0.20721953741344323
https://github.com/KnpLabs/KnpPaginatorBundle,2024-09-01,42,0.0,0.0,2569,523.643771043771,0.2038317520606349
https://github.com/KnpLabs/KnpPaginatorBundle,2024-10-01,427,176.6851851851852,0.4137826350941105,2996,700.3289562289563,0.23375465828736858
https://github.com/KnpLabs/KnpPaginatorBundle,2024-12-01,34,0.0,0.0,3030,700.3289562289563,0.2311316687224278
https://github.com/KnpLabs/KnpPaginatorBundle,2025-02-01,135,90.0,0.6666666666666666,3165,790.3289562289563,0.24970899090962284
https://github.com/KnpLabs/snappy,2023-03-01,68,17.393939393939394,0.2557932263814617,68,17.393939393939394,0.2557932263814617
https://github.com/KnpLabs/snappy,2023-05-01,72,24.0,0.3333333333333333,140,41.39393939393939,0.29567099567099564
https://github.com/KnpLabs/snappy,2023-06-01,20,0.0,0.0,160,41.39393939393939,0.25871212121212117
https://github.com/KnpLabs/snappy,2023-08-01,26,0.0,0.0,186,41.39393939393939,0.22254806125773866
https://github.com/KnpLabs/snappy,2023-09-01,252,70.7536231884058,0.2807683459857373,438,112.14756258234519,0.25604466343001187
https://github.com/KnpLabs/snappy,2023-12-01,146,0.0,0.0,584,112.14756258234519,0.19203349757250887
https://github.com/KnpLabs/snappy,2024-02-01,24,0.0,0.0,608,112.14756258234519,0.1844532279314888
https://github.com/KnpLabs/snappy,2024-11-01,37,0.0,0.0,645,112.14756258234519,0.1738721900501476
https://github.com/KnpLabs/snappy,2025-01-01,35,0.0,0.0,680,112.14756258234519,0.16492288615050762
https://github.com/Microsoft/GSL,2022-09-01,2,0.0,0.0,2,0.0,0.0
https://github.com/Microsoft/GSL,2022-10-01,325,45.0,0.13846153846153847,327,45.0,0.13761467889908258
https://github.com/Microsoft/GSL,2022-11-01,12,0.0,0.0,339,45.0,0.13274336283185842
https://github.com/Microsoft/GSL,2022-12-01,1985,812.0121951219512,0.4090741537138293,2324,857.0121951219512,0.36876600478569327
https://github.com/Microsoft/GSL,2023-01-01,43,26.666666666666664,0.6201550387596899,2367,883.6788617886178,0.3733328524666742
https://github.com/Microsoft/GSL,2023-02-01,1429,163.36507936507937,0.11432125917780221,3796,1047.0439411536972,0.27582822475071056
https://github.com/Microsoft/GSL,2023-03-01,15,13.0,0.8666666666666667,3811,1060.0439411536972,0.2781537499747303
https://github.com/Microsoft/GSL,2023-05-01,99,6.0,0.06060606060606061,3910,1066.0439411536972,0.2726455092464699
https://github.com/Microsoft/GSL,2023-06-01,161,0.0,0.0,4071,1066.0439411536972,0.26186291848531007
https://github.com/Microsoft/GSL,2023-07-01,6,0.0,0.0,4077,1066.0439411536972,0.2614775425934994
https://github.com/Microsoft/GSL,2023-09-01,87,6.333333333333333,0.07279693486590037,4164,1072.3772744870305,0.25753536851273545
https://github.com/Microsoft/GSL,2023-10-01,18,18.0,1.0,4182,1090.3772744870305,0.26073105559230764
https://github.com/Microsoft/GSL,2024-01-01,12,0.0,0.0,4194,1090.3772744870305,0.2599850439883239
https://github.com/Microsoft/GSL,2024-02-01,66,0.0,0.0,4260,1090.3772744870305,0.25595710668709637
https://github.com/Microsoft/GSL,2024-10-01,399,0.0,0.0,4659,1090.3772744870305,0.23403676207062254
https://github.com/Microsoft/GSL,2024-11-01,39,0.0,0.0,4698,1090.3772744870305,0.2320939281581589
https://github.com/Microsoft/GSL,2024-12-01,407,294.0,0.7223587223587223,5105,1384.3772744870305,0.27118066101606864
https://github.com/Microsoft/GSL,2025-01-01,919,509.4421768707483,0.5543440444730667,6024,1893.819451357779,0.31437905899033514
https://github.com/Microsoft/GSL,2025-02-01,355,140.13761467889907,0.39475384416591286,6379,2033.957066036678,0.31885202477452235
https://github.com/Microsoft/clrmd,2022-10-01,11,0.0,0.0,11,0.0,0.0
https://github.com/Microsoft/clrmd,2022-11-01,402,100.31968810916179,0.2495514629581139,413,100.31968810916179,0.2429048138236363
https://github.com/Microsoft/clrmd,2022-12-01,7900,3889.2162451068953,0.4923058538109994,8313,3989.535933216057,0.4799153053309343
https://github.com/Microsoft/clrmd,2023-01-01,150,107.0,0.7133333333333334,8463,4096.535933216057,0.4840524557740821
https://github.com/Microsoft/clrmd,2023-02-01,1846,802.4421350799479,0.4346923808667107,10309,4898.9780682960045,0.4752137033947041
https://github.com/Microsoft/clrmd,2023-03-01,29960,15253.892761058958,0.5091419479659198,40269,20152.870829354964,0.5004562027702442
https://github.com/Microsoft/clrmd,2023-04-01,1950,957.1144022702366,0.4908278986001213,42219,21109.9852316252,0.5000114932050783
https://github.com/Microsoft/clrmd,2023-05-01,336,104.15,0.3099702380952381,42555,21214.135231625198,0.498510991226065
https://github.com/Microsoft/clrmd,2023-06-01,86,1.0,0.011627906976744186,42641,21215.135231625198,0.49752902679639777
https://github.com/Microsoft/clrmd,2023-07-01,61,31.333333333333332,0.5136612021857924,42702,21246.468564958534,0.4975520716818541
https://github.com/Microsoft/clrmd,2023-08-01,1340,532.1666666666666,0.397139303482587,44042,21778.635231625198,0.494496962708896
https://github.com/Microsoft/clrmd,2023-09-01,9439,3526.8174682810445,0.37364312620839546,53481,25305.452699906244,0.47316715655852065
https://github.com/Microsoft/clrmd,2023-10-01,1941,1091.833723343194,0.562510934231424,55422,26397.28642324944,0.4762961716150525
https://github.com/Microsoft/clrmd,2023-11-01,3927,2359.7716205578045,0.6009095035797821,59349,28757.058043807243,0.48454157683882193
https://github.com/Microsoft/clrmd,2024-01-01,50,0.0,0.0,59399,28757.058043807243,0.4841337066921538
https://github.com/Microsoft/clrmd,2024-02-01,79,35.1219512195122,0.4445816610064835,59478,28792.179995026756,0.4840811727870264
https://github.com/Microsoft/clrmd,2024-03-01,3842,0.0,0.0,63320,28792.179995026756,0.45470909657338526
https://github.com/Microsoft/clrmd,2024-04-01,300,205.67948717948715,0.6855982905982905,63620,28997.85948220624,0.4557978541685986
https://github.com/Microsoft/clrmd,2024-05-01,216,78.33333333333333,0.3626543209876543,63836,29076.192815539576,0.45548268712857287
https://github.com/Microsoft/clrmd,2024-06-01,6473,849.7377767333234,0.1312741814820521,70309,29925.930592272896,0.42563442222578757
https://github.com/Microsoft/clrmd,2024-07-01,1527,1072.5726872246696,0.7024051651766009,71836,30998.503279497567,0.43151766912825834
https://github.com/Microsoft/clrmd,2024-08-01,366,160.41025641025638,0.43827938909906117,72202,31158.913535907825,0.43155194504179695
https://github.com/Microsoft/clrmd,2024-09-01,245,56.60869565217391,0.231055900621118,72447,31215.522231559997,0.43087391101853767
https://github.com/Microsoft/clrmd,2024-10-01,453,94.3676122931442,0.20831702492967816,72900,31309.889843853143,0.4294909443601254
https://github.com/Microsoft/clrmd,2024-11-01,116,4.666666666666666,0.04022988505747126,73016,31314.556510519807,0.42887252808315723
https://github.com/Microsoft/clrmd,2024-12-01,34,0.0,0.0,73050,31314.556510519807,0.4286729159550966
https://github.com/Microsoft/clrmd,2025-01-01,102,82.82051282051283,0.8119658119658121,73152,31397.377023340323,0.42920736307059715
https://github.com/Microsoft/clrmd,2025-02-01,785,0.0,0.0,73937,31397.377023340323,0.42465040539026905
https://github.com/Microsoft/language-server-protocol,2022-09-01,3,0.0,0.0,3,0.0,0.0
https://github.com/Microsoft/language-server-protocol,2022-10-01,27681,0.0,0.0,27684,0.0,0.0
https://github.com/Microsoft/language-server-protocol,2022-11-01,54,0.0,0.0,27738,0.0,0.0
https://github.com/Microsoft/language-server-protocol,2022-12-01,1014,0.0,0.0,28752,0.0,0.0
https://github.com/Microsoft/language-server-protocol,2023-01-01,295,0.0,0.0,29047,0.0,0.0
https://github.com/Microsoft/language-server-protocol,2023-02-01,109,0.0,0.0,29156,0.0,0.0
https://github.com/Microsoft/language-server-protocol,2023-03-01,38,0.0,0.0,29194,0.0,0.0
https://github.com/Microsoft/language-server-protocol,2023-04-01,120,0.0,0.0,29314,0.0,0.0
https://github.com/Microsoft/language-server-protocol,2023-05-01,1482,0.0,0.0,30796,0.0,0.0
https://github.com/Microsoft/language-server-protocol,2023-06-01,36,0.0,0.0,30832,0.0,0.0
https://github.com/Microsoft/language-server-protocol,2023-07-01,1864,0.0,0.0,32696,0.0,0.0
https://github.com/Microsoft/language-server-protocol,2023-08-01,46,0.0,0.0,32742,0.0,0.0
https://github.com/Microsoft/language-server-protocol,2023-09-01,803,0.0,0.0,33545,0.0,0.0
https://github.com/Microsoft/language-server-protocol,2023-10-01,40,0.0,0.0,33585,0.0,0.0
https://github.com/Microsoft/language-server-protocol,2023-11-01,8,0.0,0.0,33593,0.0,0.0
https://github.com/Microsoft/language-server-protocol,2023-12-01,310,0.0,0.0,33903,0.0,0.0
https://github.com/Microsoft/language-server-protocol,2024-01-01,1078,0.0,0.0,34981,0.0,0.0
https://github.com/Microsoft/language-server-protocol,2024-02-01,116,0.0,0.0,35097,0.0,0.0
https://github.com/Microsoft/language-server-protocol,2024-03-01,138,0.0,0.0,35235,0.0,0.0
https://github.com/Microsoft/language-server-protocol,2024-04-01,47,0.0,0.0,35282,0.0,0.0
https://github.com/Microsoft/language-server-protocol,2024-05-01,13,0.0,0.0,35295,0.0,0.0
https://github.com/Microsoft/language-server-protocol,2024-06-01,11,0.0,0.0,35306,0.0,0.0
https://github.com/Microsoft/language-server-protocol,2024-07-01,117,0.0,0.0,35423,0.0,0.0
https://github.com/Microsoft/language-server-protocol,2024-08-01,5571,4.773316062176164,0.0008568149456428225,40994,4.773316062176164,0.0001164393828895976
https://github.com/Microsoft/language-server-protocol,2024-09-01,173,0.0,0.0,41167,4.773316062176164,0.00011595005859489795
https://github.com/Microsoft/language-server-protocol,2024-10-01,192,0.0,0.0,41359,4.773316062176164,0.000115411786120945
https://github.com/Microsoft/language-server-protocol,2024-11-01,3,0.0,0.0,41362,4.773316062176164,0.000115403415264643
https://github.com/Microsoft/language-server-protocol,2024-12-01,6,0.0,0.0,41368,4.773316062176164,0.00011538667719435709
https://github.com/Microsoft/language-server-protocol,2025-01-01,6,0.0,0.0,41374,4.773316062176164,0.00011536994397873458
https://github.com/Microsoft/language-server-protocol,2025-02-01,515,0.0,0.0,41889,4.773316062176164,0.00011395154007439099
https://github.com/Microsoft/vscode-eslint,2022-10-01,2369,1578.0,0.6661038412832418,2369,1578.0,0.6661038412832418
https://github.com/Microsoft/vscode-eslint,2022-11-01,29914,29826.0,0.9970582336029953,32283,31404.0,0.9727720472075086
https://github.com/Microsoft/vscode-eslint,2022-12-01,538,211.22222222222223,0.392606361007848,32821,31615.222222222223,0.9632620036629664
https://github.com/Microsoft/vscode-eslint,2023-01-01,427,73.33333333333333,0.1717408274785324,33248,31688.555555555555,0.9530965939471714
https://github.com/Microsoft/vscode-eslint,2023-02-01,204,37.5,0.18382352941176472,33452,31726.055555555555,0.9484053436432965
https://github.com/Microsoft/vscode-eslint,2023-03-01,16,0.0,0.0,33468,31726.055555555555,0.9479519408257306
https://github.com/Microsoft/vscode-eslint,2023-04-01,49,25.333333333333332,0.5170068027210885,33517,31751.38888888889,0.947321922871644
https://github.com/Microsoft/vscode-eslint,2023-05-01,60,28.0,0.4666666666666667,33577,31779.38888888889,0.946463021976022
https://github.com/Microsoft/vscode-eslint,2023-06-01,1465,0.0,0.0,35042,31779.38888888889,0.9068942665626646
https://github.com/Microsoft/vscode-eslint,2023-07-01,12,0.0,0.0,35054,31779.38888888889,0.9065838103751038
https://github.com/Microsoft/vscode-eslint,2023-08-01,894,0.0,0.0,35948,31779.38888888889,0.8840377458798512
https://github.com/Microsoft/vscode-eslint,2023-11-01,4101,3148.333333333333,0.7676989352190522,40049,34927.72222222222,0.8721247027946321
https://github.com/Microsoft/vscode-eslint,2023-12-01,216,143.66666666666666,0.6651234567901234,40265,35071.38888888889,0.8710142527974393
https://github.com/Microsoft/vscode-eslint,2024-01-01,46,0.0,0.0,40311,35071.38888888889,0.8700203142787053
https://github.com/Microsoft/vscode-eslint,2024-02-01,333,0.0,0.0,40644,35071.38888888889,0.8628921584708417
https://github.com/Microsoft/vscode-eslint,2024-03-01,12729,8387.433192686356,0.6589231827077033,53373,43458.82208157524,0.8142473175870805
https://github.com/Microsoft/vscode-eslint,2024-04-01,14,0.0,0.0,53387,43458.82208157524,0.8140337925258068
https://github.com/Microsoft/vscode-eslint,2024-05-01,7131,9.454545454545455,0.0013258372534771358,60518,43468.27662702979,0.71827021096252
https://github.com/Microsoft/vscode-eslint,2024-06-01,921,451.6666666666667,0.4904089757509953,61439,43919.94329369646,0.7148544620468507
https://github.com/Microsoft/vscode-eslint,2024-07-01,1380,491.66666666666663,0.35628019323671495,62819,44411.60996036312,0.7069773469867894
https://github.com/Microsoft/vscode-eslint,2024-08-01,126,0.0,0.0,62945,44411.60996036312,0.7055621568093275
https://github.com/Microsoft/vscode-eslint,2024-09-01,80,0.0,0.0,63025,44411.60996036312,0.704666560259629
https://github.com/Microsoft/vscode-eslint,2024-10-01,2,0.0,0.0,63027,44411.60996036312,0.7046441994758298
https://github.com/Microsoft/vscode-eslint,2024-11-01,5,0.0,0.0,63032,44411.60996036312,0.704588303724507
https://github.com/Microsoft/vscode-eslint,2024-12-01,2,0.0,0.0,63034,44411.60996036312,0.7045659479068934
https://github.com/Microsoft/vscode-eslint,2025-01-01,2,0.0,0.0,63036,44411.60996036312,0.7045435935078863
https://github.com/Microsoft/vscode-eslint,2025-02-01,684,4.0,0.005847953216374269,63720,44415.60996036312,0.6970434708154916
https://github.com/Microsoft/vscode-extension-samples,2022-09-01,25228,0.0,0.0,25228,0.0,0.0
https://github.com/Microsoft/vscode-extension-samples,2022-10-01,19576,19576.0,1.0,44804,19576.0,0.4369252745290599
https://github.com/Microsoft/vscode-extension-samples,2022-11-01,187357,3278.6666666666665,0.017499568559843862,232161,22854.666666666668,0.0984431780818771
https://github.com/Microsoft/vscode-extension-samples,2022-12-01,42568,6873.056074766355,0.16146062945795797,274729,29727.72274143302,0.10820744348588252
https://github.com/Microsoft/vscode-extension-samples,2023-01-01,77060,4040.5664160400997,0.05243403083363742,351789,33768.28915747312,0.09599017921956945
https://github.com/Microsoft/vscode-extension-samples,2023-02-01,1082,0.0,0.0,352871,33768.28915747312,0.0956958468037133
https://github.com/Microsoft/vscode-extension-samples,2023-03-01,131333,352.66666666666663,0.0026852860032639675,484204,34120.95582413979,0.07046814116393046
https://github.com/Microsoft/vscode-extension-samples,2023-04-01,7470,2486.0,0.3327978580990629,491674,36606.95582413979,0.0744537149089433
https://github.com/Microsoft/vscode-extension-samples,2023-05-01,3328,968.6666666666666,0.2910657051282051,495002,37575.622490806454,0.07591004175903623
https://github.com/Microsoft/vscode-extension-samples,2023-06-01,5148,1898.0,0.3686868686868687,500150,39473.622490806454,0.07892356791123954
https://github.com/Microsoft/vscode-extension-samples,2023-07-01,6,0.0,0.0,500156,39473.622490806454,0.07892262112382227
https://github.com/Microsoft/vscode-extension-samples,2023-09-01,56165,12371.870297783962,0.2202772242105219,556321,51845.49278859042,0.09319348503578045
https://github.com/Microsoft/vscode-extension-samples,2023-10-01,5381,2945.6666666666665,0.5474199343368642,561702,54791.15945525708,0.09754488938130376
https://github.com/Microsoft/vscode-extension-samples,2023-11-01,7454,4059.7044901065447,0.5446343560647363,569156,58850.86394536363,0.10340023463753985
https://github.com/Microsoft/vscode-extension-samples,2023-12-01,19258,4222.0,0.21923356527157545,588414,63072.86394536363,0.10719130398896631
https://github.com/Microsoft/vscode-extension-samples,2024-01-01,15122,0.0,0.0,603536,63072.86394536363,0.10450555384494649
https://github.com/Microsoft/vscode-extension-samples,2024-02-01,4831,2056.953846153846,0.42578220785631254,608367,65129.817791517475,0.1070567893911364
https://github.com/Microsoft/vscode-extension-samples,2024-03-01,2995,1078.0,0.3599332220367279,611362,66207.81779151747,0.10829560520856298
https://github.com/Microsoft/vscode-extension-samples,2024-04-01,41427,29865.026652836325,0.720907298448749,652789,96072.8444443538,0.14717289115526427
https://github.com/Microsoft/vscode-extension-samples,2024-05-01,101826,42194.812088568986,0.41438151443215865,754615,138267.6565329228,0.18322940377930838
https://github.com/Microsoft/vscode-extension-samples,2024-06-01,279756,52302.194885361554,0.18695647237364543,1034371,190569.85141828435,0.1842374268210191
https://github.com/Microsoft/vscode-extension-samples,2024-07-01,359,0.0,0.0,1034730,190569.85141828435,0.1841735055698437
https://github.com/Microsoft/vscode-extension-samples,2024-08-01,702,132.0,0.18803418803418803,1035432,190701.85141828435,0.18417612302718514
https://github.com/Microsoft/vscode-extension-samples,2024-09-01,4500,0.0,0.0,1039932,190701.85141828435,0.1833791550007927
https://github.com/Microsoft/vscode-extension-samples,2024-10-01,586708,52148.958158514804,0.08888400730604458,1626640,242850.80957679916,0.14929597795258887
https://github.com/Microsoft/vscode-extension-samples,2024-11-01,131600,2322.6666666666665,0.017649442755825733,1758240,245173.47624346582,0.13944255405602524
https://github.com/Microsoft/vscode-extension-samples,2025-01-01,75865,0.0,0.0,1834105,245173.47624346582,0.1336747221361186
https://github.com/Microsoft/vscode-extension-samples,2025-02-01,141471,0.0,0.0,1975576,245173.47624346582,0.12410227510531907
https://github.com/Microsoft/vscode-generator-code,2022-10-01,7768,22.0,0.0028321318228630276,7768,22.0,0.0028321318228630276
https://github.com/Microsoft/vscode-generator-code,2022-11-01,2800,113.42987804878041,0.04051067073170729,10568,135.4298780487804,0.012815090655637813
https://github.com/Microsoft/vscode-generator-code,2022-12-01,3401,0.0,0.0,13969,135.4298780487804,0.009695030284829294
https://github.com/Microsoft/vscode-generator-code,2023-01-01,3655,0.0,0.0,17624,135.4298780487804,0.007684400706353859
https://github.com/Microsoft/vscode-generator-code,2023-02-01,4026,1257.0,0.312220566318927,21650,1392.4298780487804,0.06431546780825775
https://github.com/Microsoft/vscode-generator-code,2023-03-01,121,0.0,0.0,21771,1392.4298780487804,0.06395801194473293
https://github.com/Microsoft/vscode-generator-code,2023-04-01,26,0.0,0.0,21797,1392.4298780487804,0.06388172124828098
https://github.com/Microsoft/vscode-generator-code,2023-05-01,2,0.0,0.0,21799,1392.4298780487804,0.0638758602710574
https://github.com/Microsoft/vscode-generator-code,2023-06-01,3450,0.0,0.0,25249,1392.4298780487804,0.05514792182061786
https://github.com/Microsoft/vscode-generator-code,2023-08-01,2218,739.3333333333333,0.3333333333333333,27467,2131.7632113821137,0.07761179638774215
https://github.com/Microsoft/vscode-generator-code,2023-09-01,108,0.0,0.0,27575,2131.7632113821137,0.07730782271557983
https://github.com/Microsoft/vscode-generator-code,2023-10-01,12588,4129.699186991869,0.32806634787034233,40163,6261.462398373983,0.15590126231541426
https://github.com/Microsoft/vscode-generator-code,2023-11-01,373,0.0,0.0,40536,6261.462398373983,0.15446670609764118
https://github.com/Microsoft/vscode-generator-code,2023-12-01,828,61.0,0.07367149758454106,41364,6322.462398373983,0.15284939557039898
https://github.com/Microsoft/vscode-generator-code,2024-01-01,20,0.0,0.0,41384,6322.462398373983,0.15277552673434136
https://github.com/Microsoft/vscode-generator-code,2024-02-01,117,19.0,0.1623931623931624,41501,6341.462398373983,0.1528026408610391
https://github.com/Microsoft/vscode-generator-code,2024-03-01,369,0.0,0.0,41870,6341.462398373983,0.1514559923184615
https://github.com/Microsoft/vscode-generator-code,2024-04-01,36,0.0,0.0,41906,6341.462398373983,0.15132588169651084
https://github.com/Microsoft/vscode-generator-code,2024-05-01,8767,2562.4468085106387,0.29228319932823527,50673,8903.909206884622,0.1757130860001307
https://github.com/Microsoft/vscode-generator-code,2024-06-01,497,196.66666666666666,0.39570757880617036,51170,9100.575873551288,0.17784983141589386
https://github.com/Microsoft/vscode-generator-code,2024-07-01,62,0.0,0.0,51232,9100.575873551288,0.17763460090473313
https://github.com/Microsoft/vscode-generator-code,2024-08-01,2,0.0,0.0,51234,9100.575873551288,0.17762766665790858
https://github.com/Microsoft/vscode-generator-code,2024-09-01,1642,0.0,0.0,52876,9100.575873551288,0.17211165507132326
https://github.com/Microsoft/vscode-generator-code,2024-10-01,573,0.0,0.0,53449,9100.575873551288,0.17026653208762163
https://github.com/Microsoft/vscode-generator-code,2024-12-01,316,20.333333333333332,0.06434599156118143,53765,9120.909206884622,0.16964399157229837
https://github.com/Microsoft/vscode-generator-code,2025-02-01,610,0.0,0.0,54375,9120.909206884622,0.16774085897718846
https://github.com/Microsoft/vscode-wiki,2022-10-01,348,0.0,0.0,348,0.0,0.0
https://github.com/Microsoft/vscode-wiki,2022-11-01,21,0.0,0.0,369,0.0,0.0
https://github.com/Microsoft/vscode-wiki,2022-12-01,116,0.0,0.0,485,0.0,0.0
https://github.com/Microsoft/vscode-wiki,2023-01-01,3,0.0,0.0,488,0.0,0.0
https://github.com/Microsoft/vscode-wiki,2023-02-01,52,0.0,0.0,540,0.0,0.0
https://github.com/Microsoft/vscode-wiki,2023-03-01,340,0.0,0.0,880,0.0,0.0
https://github.com/Microsoft/vscode-wiki,2023-04-01,565,0.0,0.0,1445,0.0,0.0
https://github.com/Microsoft/vscode-wiki,2023-05-01,101,0.0,0.0,1546,0.0,0.0
https://github.com/Microsoft/vscode-wiki,2023-06-01,171,0.0,0.0,1717,0.0,0.0
https://github.com/Microsoft/vscode-wiki,2023-07-01,278,0.0,0.0,1995,0.0,0.0
https://github.com/Microsoft/vscode-wiki,2023-08-01,85,0.0,0.0,2080,0.0,0.0
https://github.com/Microsoft/vscode-wiki,2023-09-01,6,0.0,0.0,2086,0.0,0.0
https://github.com/Microsoft/vscode-wiki,2023-10-01,60,0.0,0.0,2146,0.0,0.0
https://github.com/Microsoft/vscode-wiki,2023-11-01,34,0.0,0.0,2180,0.0,0.0
https://github.com/Microsoft/vscode-wiki,2023-12-01,87,0.0,0.0,2267,0.0,0.0
https://github.com/Microsoft/vscode-wiki,2024-02-01,806,0.0,0.0,3073,0.0,0.0
https://github.com/Microsoft/vscode-wiki,2024-03-01,153,0.0,0.0,3226,0.0,0.0
https://github.com/Microsoft/vscode-wiki,2024-04-01,18,0.0,0.0,3244,0.0,0.0
https://github.com/Microsoft/vscode-wiki,2024-05-01,12,0.0,0.0,3256,0.0,0.0
https://github.com/Microsoft/vscode-wiki,2024-06-01,13,0.0,0.0,3269,0.0,0.0
https://github.com/Microsoft/vscode-wiki,2024-07-01,26,0.0,0.0,3295,0.0,0.0
https://github.com/Microsoft/vscode-wiki,2024-08-01,59,0.0,0.0,3354,0.0,0.0
https://github.com/Microsoft/vscode-wiki,2024-09-01,109,0.0,0.0,3463,0.0,0.0
https://github.com/Microsoft/vscode-wiki,2024-10-01,442,0.0,0.0,3905,0.0,0.0
https://github.com/Microsoft/vscode-wiki,2024-11-01,31,0.0,0.0,3936,0.0,0.0
https://github.com/Microsoft/vscode-wiki,2024-12-01,41,0.0,0.0,3977,0.0,0.0
https://github.com/Microsoft/vscode-wiki,2025-01-01,477,0.0,0.0,4454,0.0,0.0
https://github.com/Microsoft/vscode-wiki,2025-02-01,20,0.0,0.0,4474,0.0,0.0
https://github.com/NXPNFCProject/NFC_NCIHAL_libnfc-nci,2022-09-01,2,0.0,0.0,2,0.0,0.0
https://github.com/NXPNFCProject/NFC_NCIHAL_libnfc-nci,2022-10-01,2,0.0,0.0,4,0.0,0.0
https://github.com/NXPNFCProject/NFC_NCIHAL_libnfc-nci,2022-12-01,13,0.0,0.0,17,0.0,0.0
https://github.com/NXPNFCProject/NFC_NCIHAL_libnfc-nci,2023-01-01,2,0.0,0.0,19,0.0,0.0
https://github.com/NXPNFCProject/NFC_NCIHAL_libnfc-nci,2023-02-01,2,0.0,0.0,21,0.0,0.0
https://github.com/NXPNFCProject/NFC_NCIHAL_libnfc-nci,2023-03-01,6,0.0,0.0,27,0.0,0.0
https://github.com/NXPNFCProject/NFC_NCIHAL_libnfc-nci,2023-07-01,4,0.0,0.0,31,0.0,0.0
https://github.com/NXPNFCProject/NFC_NCIHAL_libnfc-nci,2023-09-01,2,0.0,0.0,33,0.0,0.0
https://github.com/NXPNFCProject/NFC_NCIHAL_libnfc-nci,2023-11-01,2,0.0,0.0,35,0.0,0.0
https://github.com/NXPNFCProject/NFC_NCIHAL_libnfc-nci,2023-12-01,20,0.0,0.0,55,0.0,0.0
https://github.com/NXPNFCProject/NFC_NCIHAL_libnfc-nci,2024-04-01,4,0.0,0.0,59,0.0,0.0
https://github.com/NXPNFCProject/NFC_NCIHAL_libnfc-nci,2024-05-01,2,0.0,0.0,61,0.0,0.0
https://github.com/NXPNFCProject/NFC_NCIHAL_libnfc-nci,2024-08-01,2,0.0,0.0,63,0.0,0.0
https://github.com/NXPNFCProject/NFC_NCIHAL_libnfc-nci,2024-10-01,2,0.0,0.0,65,0.0,0.0
https://github.com/NXPNFCProject/NFC_NCIHAL_libnfc-nci,2024-12-01,15,0.0,0.0,80,0.0,0.0
https://github.com/NXPNFCProject/NFC_NCIHAL_libnfc-nci,2025-02-01,13,0.0,0.0,93,0.0,0.0
https://github.com/ONLYOFFICE/server,2022-09-01,180,108.58333333333333,0.6032407407407407,180,108.58333333333333,0.6032407407407407
https://github.com/ONLYOFFICE/server,2022-10-01,1773,638.8678902116402,0.36033157936358723,1953,747.4512235449736,0.3827195205043388
https://github.com/ONLYOFFICE/server,2022-11-01,120,25.25,0.21041666666666667,2073,772.7012235449736,0.37274540450794674
https://github.com/ONLYOFFICE/server,2022-12-01,825,494.8630845771145,0.5998340419116539,2898,1267.564308122088,0.4373927909323975
https://github.com/ONLYOFFICE/server,2023-01-01,3828,29.93333333333333,0.00781957506095437,6726,1297.4976414554214,0.19290776709120153
https://github.com/ONLYOFFICE/server,2023-02-01,1590,115.73888888888888,0.0727917540181691,8316,1413.2365303443103,0.16994186271576603
https://github.com/ONLYOFFICE/server,2023-03-01,577,58.95061728395062,0.10216744763249674,8893,1472.1871476282608,0.16554448978165534
https://github.com/ONLYOFFICE/server,2023-04-01,244,185.0952380952381,0.7585870413739266,9137,1657.282385723499,0.18138145843531783
https://github.com/ONLYOFFICE/server,2023-05-01,6647,4359.77074608345,0.6559005184419212,15784,6017.053131806949,0.3812121852386562
https://github.com/ONLYOFFICE/server,2023-06-01,3231,628.3065233908607,0.1944619385301333,19015,6645.35965519781,0.3494798661686989
https://github.com/ONLYOFFICE/server,2023-07-01,4162,2265.507303324505,0.544331403970328,23177,8910.866958522314,0.3844702488899475
https://github.com/ONLYOFFICE/server,2023-08-01,4568,619.0666666666666,0.13552247518972563,27745,9529.93362518898,0.34348292035281963
https://github.com/ONLYOFFICE/server,2023-09-01,12838,5773.140637140637,0.44969159036770817,40583,15303.074262329617,0.37708090240567765
https://github.com/ONLYOFFICE/server,2023-10-01,13763,1202.3040293040294,0.0873577003054588,54346,16505.37829163365,0.30370916519400964
https://github.com/ONLYOFFICE/server,2023-11-01,2389,55.13333333333333,0.023077996372261756,56735,16560.51162496698,0.2918923349778264
https://github.com/ONLYOFFICE/server,2023-12-01,32723,10254.013207417156,0.3133579808519132,89458,26814.524832384137,0.29974429153775106
https://github.com/ONLYOFFICE/server,2024-01-01,4571,206.5102880658436,0.0451783609857457,94029,27021.035120449982,0.28736916398611045
https://github.com/ONLYOFFICE/server,2024-02-01,1880,448.59470722514203,0.23861420597082023,95909,27469.629827675122,0.2864134734766823
https://github.com/ONLYOFFICE/server,2024-03-01,2471,1171.6691508581753,0.4741680092505768,98380,28641.298978533297,0.291129284189198
https://github.com/ONLYOFFICE/server,2024-04-01,1390,295.5462962962963,0.2126232347455369,99770,28936.845274829593,0.2900355344775944
https://github.com/ONLYOFFICE/server,2024-05-01,1058,260.3023483365949,0.246032465346498,100828,29197.14762316619,0.28957380512522507
https://github.com/ONLYOFFICE/server,2024-06-01,14908,1555.047098205412,0.10430957192147922,115736,30752.1947213716,0.2657098458679374
https://github.com/ONLYOFFICE/server,2024-07-01,1048,74.42905982905982,0.07102009525673647,116784,30826.623781200662,0.2639627327476423
https://github.com/ONLYOFFICE/server,2024-08-01,400,216.7,0.54175,117184,31043.323781200663,0.2649109416063683
https://github.com/ONLYOFFICE/server,2024-09-01,6290,141.39651416122004,0.02247957299860414,123474,31184.72029536188,0.25256102738521374
https://github.com/ONLYOFFICE/server,2024-10-01,16279,295.7550724637681,0.018167889456586282,139753,31480.47536782565,0.22525795773847895
https://github.com/ONLYOFFICE/server,2024-11-01,1116,315.76746741418873,0.28294575933171034,140869,31796.24283523984,0.22571497515592387
https://github.com/ONLYOFFICE/server,2024-12-01,262,67.13432835820896,0.25623789449698076,141131,31863.37716359805,0.22577163885750154
https://github.com/ONLYOFFICE/server,2025-01-01,602,24.708333333333332,0.0410437430786268,141733,31888.08549693138,0.22498702134951903
https://github.com/ONLYOFFICE/server,2025-02-01,1467,17.0,0.011588275391956374,143200,31905.08549693138,0.22280087637521914
https://github.com/aerospike/aerospike-client-java,2022-09-01,7,0.0,0.0,7,0.0,0.0
https://github.com/aerospike/aerospike-client-java,2022-10-01,303,211.44005847953215,0.6978219751799741,310,211.44005847953215,0.6820647047726843
https://github.com/aerospike/aerospike-client-java,2022-11-01,926,261.1145124716553,0.2819811149801893,1236,472.55457095118743,0.38232570465306426
https://github.com/aerospike/aerospike-client-java,2022-12-01,219,62.83333333333333,0.28691019786910194,1455,535.3879042845208,0.3679641953845504
https://github.com/aerospike/aerospike-client-java,2023-01-01,161,81.26086956521739,0.504725897920605,1616,616.6487738497382,0.3815895877783033
https://github.com/aerospike/aerospike-client-java,2023-02-01,158,56.666666666666664,0.35864978902953587,1774,673.3154405164048,0.37954647154250554
https://github.com/aerospike/aerospike-client-java,2023-03-01,253,80.0,0.31620553359683795,2027,753.3154405164048,0.3716405725290601
https://github.com/aerospike/aerospike-client-java,2023-04-01,339,174.18845500848897,0.5138302507625043,2366,927.5038955248938,0.39201348077975223
https://github.com/aerospike/aerospike-client-java,2023-05-01,181,86.66666666666666,0.4788213627992633,2547,1014.1705621915604,0.39818239583492754
https://github.com/aerospike/aerospike-client-java,2023-06-01,370,30.166666666666668,0.08153153153153153,2917,1044.337228858227,0.3580175621728581
https://github.com/aerospike/aerospike-client-java,2023-07-01,2557,1316.498184253364,0.5148604553200484,5474,2360.835413111591,0.43128158807299805
https://github.com/aerospike/aerospike-client-java,2023-08-01,12392,8353.996506855296,0.6741443275383551,17866,10714.831919966888,0.5997331198906799
https://github.com/aerospike/aerospike-client-java,2023-09-01,120,80.04166666666667,0.6670138888888889,17986,10794.873586633554,0.6001820074854639
https://github.com/aerospike/aerospike-client-java,2023-10-01,4413,2927.7503875968987,0.66343765864421,22399,13722.623974230453,0.6126444919072482
https://github.com/aerospike/aerospike-client-java,2023-11-01,154,37.37037037037037,0.24266474266474264,22553,13759.994344600824,0.6101181370372378
https://github.com/aerospike/aerospike-client-java,2023-12-01,190,121.93532338308458,0.6417648599109714,22743,13881.929667983908,0.6103825206869765
https://github.com/aerospike/aerospike-client-java,2024-01-01,3143,1437.4264264264264,0.4573421655827001,25886,15319.356094410334,0.5918008226226661
https://github.com/aerospike/aerospike-client-java,2024-02-01,48,0.0,0.0,25934,15319.356094410334,0.5907054867899412
https://github.com/aerospike/aerospike-client-java,2024-03-01,1402,960.872511717673,0.6853584249056155,27336,16280.228606128007,0.5955600163201641
https://github.com/aerospike/aerospike-client-java,2024-04-01,274,29.901234567901234,0.10912859331350816,27610,16310.129840695909,0.5907326997716736
https://github.com/aerospike/aerospike-client-java,2024-05-01,1177,104.52272727272727,0.0888043562215185,28787,16414.652567968635,0.5702106008951483
https://github.com/aerospike/aerospike-client-java,2024-06-01,406,0.0,0.0,29193,16414.652567968635,0.5622804291428984
https://github.com/aerospike/aerospike-client-java,2024-07-01,2,0.0,0.0,29195,16414.652567968635,0.5622419101890267
https://github.com/aerospike/aerospike-client-java,2024-08-01,272,11.851851851851851,0.04357298474945533,29467,16426.50441982049,0.5574542511901615
https://github.com/aerospike/aerospike-client-java,2024-09-01,228,0.0,0.0,29695,16426.50441982049,0.5531740838464553
https://github.com/aerospike/aerospike-client-java,2024-11-01,37729,11128.153731161587,0.2949496072294942,67424,27554.658150982075,0.40867729815766013
https://github.com/aerospike/aerospike-client-java,2024-12-01,5039,327.2418745275888,0.0649418286421093,72463,27881.90002550966,0.3847742989596023
https://github.com/aerospike/aerospike-client-java,2025-01-01,1505,166.32142857142856,0.11051257712387279,73968,28048.22145408109,0.3791939954315527
https://github.com/aerospike/aerospike-client-java,2025-02-01,4224,41.666666666666664,0.009864267676767676,78192,28089.888120747757,0.3592424815933568
https://github.com/algolia/autocomplete.js,2022-10-01,358,0.0,0.0,358,0.0,0.0
https://github.com/algolia/autocomplete.js,2022-11-01,1905,111.8888888888889,0.05873432487605717,2263,111.8888888888889,0.049442725978298234
https://github.com/algolia/autocomplete.js,2022-12-01,4829,46.0,0.009525781735348933,7092,157.8888888888889,0.022262956696120828
https://github.com/algolia/autocomplete.js,2023-01-01,46,0.0,0.0,7138,157.8888888888889,0.022119485694716855
https://github.com/algolia/autocomplete.js,2023-02-01,3425,1750.5644581450779,0.511113710407322,10563,1908.4533470339668,0.1806734210957083
https://github.com/algolia/autocomplete.js,2023-03-01,619,197.72839506172838,0.3194319790981072,11182,2106.181742095695,0.18835465409548335
https://github.com/algolia/autocomplete.js,2023-04-01,12054,2090.5724430784962,0.17343391762721888,23236,4196.754185174192,0.1806143133574708
https://github.com/algolia/autocomplete.js,2023-05-01,181,96.890625,0.5353073204419889,23417,4293.644810174192,0.18335588718342194
https://github.com/algolia/autocomplete.js,2023-06-01,1095,179.8627450980392,0.16425821470140567,24512,4473.50755527223,0.18250275600816865
https://github.com/algolia/autocomplete.js,2023-07-01,289,0.0,0.0,24801,4473.50755527223,0.18037609593452805
https://github.com/algolia/autocomplete.js,2023-08-01,526,111.26666666666667,0.21153358681875792,25327,4584.774221938897,0.18102318560977998
https://github.com/algolia/autocomplete.js,2023-09-01,175,137.93236714975845,0.7881849551414768,25502,4722.706589088655,0.18518965528541506
https://github.com/algolia/autocomplete.js,2023-10-01,2092,888.7470479082322,0.4248312848509714,27594,5611.453636996887,0.2033577457779549
https://github.com/algolia/autocomplete.js,2023-11-01,35,35.0,1.0,27629,5646.453636996887,0.2043669201562448
https://github.com/algolia/autocomplete.js,2023-12-01,736,0.0,0.0,28365,5646.453636996887,0.19906411552959236
https://github.com/algolia/autocomplete.js,2024-01-01,1985,630.3338258055438,0.3175485268541782,30350,6276.787462802431,0.20681342546301257
https://github.com/algolia/autocomplete.js,2024-02-01,698,2.6666666666666665,0.0038204393505253103,31048,6279.454129469098,0.20224987533719074
https://github.com/algolia/autocomplete.js,2024-05-01,734,15.0,0.020435967302452316,31782,6294.454129469098,0.19805091339340186
https://github.com/algolia/autocomplete.js,2024-06-01,836,110.35069444444444,0.13199843833067518,32618,6404.804823913542,0.19635798712102343
https://github.com/algolia/autocomplete.js,2024-07-01,7171,200.4927536231884,0.027958827726005914,39789,6605.297577536731,0.16600813233649328
https://github.com/algolia/autocomplete.js,2024-10-01,700,0.0,0.0,40489,6605.297577536731,0.16313807645377093
https://github.com/algolia/autocomplete.js,2024-11-01,798,323.0626326963906,0.40484039185011356,41287,6928.3602102331215,0.16780972728057553
https://github.com/algolia/autocomplete.js,2024-12-01,473,16.779661016949152,0.035474970437524636,41760,6945.13987125007,0.16631082067169708
https://github.com/algolia/autocomplete.js,2025-01-01,796,114.75925925925925,0.14416992369253676,42556,7059.8991305093305,0.16589668038606378
https://github.com/algolia/autocomplete.js,2025-02-01,341,115.66666666666666,0.3391984359726295,42897,7175.5657971759965,0.16727430349851963
https://github.com/aliyun/alicloud-android-demo,2023-04-01,16,0.0,0.0,16,0.0,0.0
https://github.com/aliyun/alicloud-android-demo,2024-07-01,8872,6903.350096213593,0.7781052858671769,8888,6903.350096213593,0.7767045562796572
https://github.com/aliyun/alicloud-android-demo,2024-08-01,2781,1724.2460667985058,0.6200093731745796,11669,8627.596163012098,0.7393603704698002
https://github.com/aliyun/alicloud-android-demo,2024-09-01,15543,3398.83212808684,0.21867285132129188,27212,12026.428291098939,0.44195311961998157
https://github.com/aliyun/alicloud-android-demo,2024-10-01,4980,2805.801585762048,0.563413973044588,32192,14832.229876860987,0.4607427272881768
https://github.com/aliyun/alicloud-android-demo,2024-11-01,816,582.8455165692008,0.7142714663838244,33008,15415.075393430187,0.46701028215675555
https://github.com/aliyun/alicloud-android-demo,2024-12-01,19430,1054.5309725227883,0.05427333878140959,52438,16469.606365952975,0.3140776987290319
https://github.com/aliyun/alicloud-android-demo,2025-01-01,1773,503.012987012987,0.2837072684788421,54211,16972.61935296596,0.31308441742388005
https://github.com/aristanetworks/goarista,2022-10-01,1332,617.3478260869566,0.46347434390912656,1332,617.3478260869566,0.46347434390912656
https://github.com/aristanetworks/goarista,2022-11-01,76,0.0,0.0,1408,617.3478260869566,0.43845726284584985
https://github.com/aristanetworks/goarista,2022-12-01,122,18.666666666666664,0.1530054644808743,1530,636.0144927536232,0.415695746897793
https://github.com/aristanetworks/goarista,2023-01-01,578,5.0,0.00865051903114187,2108,641.0144927536232,0.3040865715150015
https://github.com/aristanetworks/goarista,2023-02-01,1164,619.0225365068156,0.5318063028409069,3272,1260.0370292604389,0.3850968915832637
https://github.com/aristanetworks/goarista,2023-03-01,116,0.0,0.0,3388,1260.0370292604389,0.3719117559800587
https://github.com/aristanetworks/goarista,2023-04-01,109,0.0,0.0,3497,1260.0370292604389,0.3603194250101341
https://github.com/aristanetworks/goarista,2023-05-01,343,184.86666666666667,0.5389698736637513,3840,1444.9036959271057,0.3762770041476838
https://github.com/aristanetworks/goarista,2023-06-01,24,8.0,0.3333333333333333,3864,1452.9036959271057,0.37601027327306047
https://github.com/aristanetworks/goarista,2023-07-01,961,502.18377270816796,0.5225637593217148,4825,1955.0874686352736,0.40519947536482354
https://github.com/aristanetworks/goarista,2023-08-01,121,40.0,0.3305785123966942,4946,1995.0874686352736,0.4033739321947581
https://github.com/aristanetworks/goarista,2023-09-01,742,480.17163204886117,0.6471315795806755,5688,2475.259100684135,0.435172134438139
https://github.com/aristanetworks/goarista,2023-10-01,234,88.84615384615385,0.37968441814595666,5922,2564.1052545302887,0.43297961069407104
https://github.com/aristanetworks/goarista,2023-11-01,31,0.0,0.0,5953,2564.1052545302887,0.43072488737280173
https://github.com/aristanetworks/goarista,2023-12-01,444,220.13793103448276,0.4958061509785648,6397,2784.2431855647715,0.4352420174401706
https://github.com/aristanetworks/goarista,2024-01-01,2888,1436.4743542207389,0.49739416697394007,9285,4220.71753978551,0.454573779190685
https://github.com/aristanetworks/goarista,2024-02-01,3027,1463.0,0.4833168153287083,12312,5683.71753978551,0.46164047594099333
https://github.com/aristanetworks/goarista,2024-03-01,136,0.0,0.0,12448,5683.71753978551,0.45659684606246065
https://github.com/aristanetworks/goarista,2024-04-01,191,71.9047619047619,0.3764647220144602,12639,5755.622301690272,0.4553858930050061
https://github.com/aristanetworks/goarista,2024-05-01,261,117.57077625570777,0.4504627442747424,12900,5873.19307794598,0.45528628511209146
https://github.com/aristanetworks/goarista,2024-06-01,312,211.0,0.6762820512820513,13212,6084.19307794598,0.4605050770470769
https://github.com/aristanetworks/goarista,2024-07-01,296,27.619047619047613,0.09330759330759329,13508,6111.812125565028,0.4524587004415922
https://github.com/aristanetworks/goarista,2024-08-01,666,287.6272901738055,0.431872808068777,14174,6399.439415738832,0.45149142202192977
https://github.com/aristanetworks/goarista,2024-09-01,361,143.37313432835822,0.3971554967544549,14535,6542.812550067191,0.45014190230940426
https://github.com/aristanetworks/goarista,2024-10-01,338,221.90537240537236,0.6565247704300957,14873,6764.717922472563,0.4548321066679596
https://github.com/aristanetworks/goarista,2024-11-01,316,34.666666666666664,0.10970464135021096,15189,6799.38458913923,0.4476518921021285
https://github.com/aristanetworks/goarista,2025-01-01,531,236.49999999999997,0.44538606403013176,15720,7035.88458913923,0.44757535554320804
https://github.com/aristanetworks/goarista,2025-02-01,187,57.138888888888886,0.3055555555555555,15907,7093.023478028119,0.44590579480908527
https://github.com/awslabs/amazon-kinesis-client,2022-12-01,36,0.0,0.0,36,0.0,0.0
https://github.com/awslabs/amazon-kinesis-client,2023-01-01,210,96.69540229885058,0.46045429666119325,246,96.69540229885058,0.39307074105223816
https://github.com/awslabs/amazon-kinesis-client,2023-02-01,1733,829.1821181307348,0.47846631167382275,1979,925.8775204295854,0.46785119779160456
https://github.com/awslabs/amazon-kinesis-client,2023-03-01,2577,1130.1315829345026,0.43854543381237976,4556,2056.009103364088,0.45127504463654255
https://github.com/awslabs/amazon-kinesis-client,2023-04-01,2171,1348.3878668991572,0.6210906802851944,6727,3404.396970263245,0.5060795258307187
https://github.com/awslabs/amazon-kinesis-client,2023-05-01,1715,657.0335195530726,0.38310992393765164,8442,4061.4304898163177,0.48109813904481374
https://github.com/awslabs/amazon-kinesis-client,2023-06-01,2260,1473.2609793588053,0.6518853890968165,10702,5534.691469175123,0.5171642187605235
https://github.com/awslabs/amazon-kinesis-client,2023-07-01,339,5.0,0.014749262536873156,11041,5539.691469175123,0.5017382002694614
https://github.com/awslabs/amazon-kinesis-client,2023-08-01,1172,846.0015213387782,0.7218443014835991,12213,6385.692990513901,0.5228603120047409
https://github.com/awslabs/amazon-kinesis-client,2023-09-01,11,0.0,0.0,12224,6385.692990513901,0.5223898061611503
https://github.com/awslabs/amazon-kinesis-client,2023-10-01,41,24.666666666666664,0.6016260162601625,12265,6410.359657180568,0.5226546805691454
https://github.com/awslabs/amazon-kinesis-client,2023-11-01,408,20.666666666666664,0.050653594771241824,12673,6431.026323847234,0.5074588750767169
https://github.com/awslabs/amazon-kinesis-client,2023-12-01,28,0.0,0.0,12701,6431.026323847234,0.5063401561961447
https://github.com/awslabs/amazon-kinesis-client,2024-02-01,143,85.12280701754385,0.5952643847380689,12844,6516.149130864778,0.5073302032750528
https://github.com/awslabs/amazon-kinesis-client,2024-03-01,191,64.04761904761904,0.3353278484168536,13035,6580.1967499123975,0.5048098772468276
https://github.com/awslabs/amazon-kinesis-client,2024-04-01,2520,1793.4039749493982,0.7116682440275389,15555,8373.600724861795,0.5383221295314559
https://github.com/awslabs/amazon-kinesis-client,2024-05-01,25072,13098.022001205547,0.5224163210436162,40627,21471.62272606734,0.5285062329501893
https://github.com/awslabs/amazon-kinesis-client,2024-06-01,2761,441.5644501483917,0.15992917426598757,43388,21913.187176215735,0.5050517925743463
https://github.com/awslabs/amazon-kinesis-client,2024-07-01,431,149.33333333333334,0.34648105181747874,43819,22062.520509549067,0.5034921040997984
https://github.com/awslabs/amazon-kinesis-client,2024-09-01,2,0.0,0.0,43821,22062.520509549067,0.5034691246103253
https://github.com/awslabs/amazon-kinesis-client,2024-11-01,25954,19182.301203895404,0.7390884335322264,69775,41244.82171344447,0.5911117407874521
https://github.com/awslabs/amazon-kinesis-client,2024-12-01,22,0.0,0.0,69797,41244.82171344447,0.5909254224887097
https://github.com/awslabs/amazon-kinesis-client,2025-01-01,12,0.0,0.0,69809,41244.82171344447,0.5908238438230669
https://github.com/awslabs/amazon-kinesis-client,2025-02-01,409,270.0,0.6601466992665037,70218,41514.82171344447,0.5912276298590742
https://github.com/jpush/jpush-phonegap-plugin,2022-12-01,87,49.0,0.5632183908045977,87,49.0,0.5632183908045977
https://github.com/jpush/jpush-phonegap-plugin,2023-01-01,0,0.0,,87,49.0,0.5632183908045977
https://github.com/jpush/jpush-phonegap-plugin,2023-02-01,4,0.0,0.0,91,49.0,0.5384615384615384
https://github.com/jpush/jpush-phonegap-plugin,2023-03-01,4,0.0,0.0,95,49.0,0.5157894736842106
https://github.com/jpush/jpush-phonegap-plugin,2023-05-01,926,463.0,0.5,1021,512.0,0.5014691478942214
https://github.com/jpush/jpush-phonegap-plugin,2023-09-01,2464,1207.6666666666667,0.4901244588744589,3485,1719.6666666666667,0.49344811095169777
https://github.com/jpush/jpush-phonegap-plugin,2024-07-01,104,0.0,0.0,3589,1719.6666666666667,0.4791492523451287
https://github.com/jpush/jpush-phonegap-plugin,2024-09-01,112,0.0,0.0,3701,1719.6666666666667,0.46464919391155546
https://github.com/jpush/jpush-phonegap-plugin,2025-01-01,33,0.0,0.0,3734,1719.6666666666667,0.46054276022138907
https://github.com/jpush/jpush-phonegap-plugin,2025-02-01,374,118.32080200501252,0.31636578076206556,4108,1837.9874686716794,0.44741661846925007
https://github.com/leapmotion/leapjs,2025-02-01,51,39.814942528735635,0.7806851476222674,51,39.814942528735635,0.7806851476222674
https://github.com/linagora/linshare,2022-10-01,702,0.0,0.0,702,0.0,0.0
https://github.com/linagora/linshare,2022-11-01,366,0.0,0.0,1068,0.0,0.0
https://github.com/linagora/linshare,2022-12-01,8,0.0,0.0,1076,0.0,0.0
https://github.com/linagora/linshare,2023-02-01,3858,0.0,0.0,4934,0.0,0.0
https://github.com/linagora/linshare,2023-03-01,1653,0.0,0.0,6587,0.0,0.0
https://github.com/linagora/linshare,2023-04-01,716,0.0,0.0,7303,0.0,0.0
https://github.com/linagora/linshare,2023-05-01,931,0.0,0.0,8234,0.0,0.0
https://github.com/linagora/linshare,2023-06-01,994,0.0,0.0,9228,0.0,0.0
https://github.com/linagora/linshare,2023-07-01,398,0.0,0.0,9626,0.0,0.0
https://github.com/linagora/linshare,2023-08-01,897,0.0,0.0,10523,0.0,0.0
https://github.com/linagora/linshare,2023-09-01,487,0.0,0.0,11010,0.0,0.0
https://github.com/linagora/linshare,2023-10-01,135,0.0,0.0,11145,0.0,0.0
https://github.com/linagora/linshare,2023-11-01,258,0.0,0.0,11403,0.0,0.0
https://github.com/linagora/linshare,2023-12-01,2231,0.0,0.0,13634,0.0,0.0
https://github.com/linagora/linshare,2024-01-01,331,0.0,0.0,13965,0.0,0.0
https://github.com/linagora/linshare,2024-03-01,177,0.0,0.0,14142,0.0,0.0
https://github.com/linagora/linshare,2024-04-01,38,0.0,0.0,14180,0.0,0.0
https://github.com/linagora/linshare,2024-07-01,347,0.0,0.0,14527,0.0,0.0
https://github.com/linagora/linshare,2024-10-01,84,0.0,0.0,14611,0.0,0.0
https://github.com/linagora/linshare,2024-11-01,5,0.0,0.0,14616,0.0,0.0
https://github.com/linagora/linshare,2024-12-01,75,0.0,0.0,14691,0.0,0.0
https://github.com/linagora/linshare,2025-01-01,420,0.0,0.0,15111,0.0,0.0
https://github.com/linagora/linshare,2025-02-01,6,0.0,0.0,15117,0.0,0.0
https://github.com/mParticle/mparticle-apple-sdk,2022-11-01,1574,541.6282137268053,0.3441094115163947,1574,541.6282137268053,0.3441094115163947
https://github.com/mParticle/mparticle-apple-sdk,2022-12-01,53,0.0,0.0,1627,541.6282137268053,0.33289994697406594
https://github.com/mParticle/mparticle-apple-sdk,2023-01-01,166,120.29629629629629,0.7246764837126283,1793,661.9245100231016,0.3691715058689914
https://github.com/mParticle/mparticle-apple-sdk,2023-02-01,295,201.78787878787878,0.6840267077555213,2088,863.7123888109803,0.41365535862594843
https://github.com/mParticle/mparticle-apple-sdk,2023-03-01,242,188.61904761904762,0.7794175521448249,2330,1052.331436430028,0.45164439331760853
https://github.com/mParticle/mparticle-apple-sdk,2023-04-01,12347,4191.183924183924,0.3394495767541852,14677,5243.515360613952,0.35726070454547604
https://github.com/mParticle/mparticle-apple-sdk,2023-06-01,210,129.42539682539683,0.6163114134542707,14887,5372.940757439349,0.3609149430670618
https://github.com/mParticle/mparticle-apple-sdk,2023-07-01,157,0.0,0.0,15044,5372.940757439349,0.357148415144865
https://github.com/mParticle/mparticle-apple-sdk,2023-08-01,76,0.0,0.0,15120,5372.940757439349,0.35535322469836966
https://github.com/mParticle/mparticle-apple-sdk,2023-09-01,409,99.0877192982456,0.24226826234289878,15529,5472.028476737594,0.35237481336451765
https://github.com/mParticle/mparticle-apple-sdk,2023-10-01,1476,537.7663517384354,0.3643403467062571,17005,6009.79482847603,0.3534133977345504
https://github.com/mParticle/mparticle-apple-sdk,2023-11-01,1756,780.8885763000852,0.44469736691348816,18761,6790.683404776115,0.36195743322723284
https://github.com/mParticle/mparticle-apple-sdk,2024-01-01,995,687.6369804919423,0.6910924427054697,19756,7478.320385268057,0.3785341357191768
https://github.com/mParticle/mparticle-apple-sdk,2024-02-01,257,118.51851851851853,0.4611615506557141,20013,7596.838903786576,0.3795952083039313
https://github.com/mParticle/mparticle-apple-sdk,2024-03-01,2070,736.0172886834291,0.35556390757653583,22083,8332.856192470004,0.3773425799243764
https://github.com/mParticle/mparticle-apple-sdk,2024-04-01,379,209.63636363636365,0.5531302470616455,22462,8542.492556106368,0.3803086348547043
https://github.com/mParticle/mparticle-apple-sdk,2024-05-01,278,93.59583333333333,0.33667565947242206,22740,8636.088389439701,0.3797752150149385
https://github.com/mParticle/mparticle-apple-sdk,2024-06-01,173,66.0,0.3815028901734104,22913,8702.088389439701,0.3797882594788854
https://github.com/mParticle/mparticle-apple-sdk,2024-07-01,66,0.0,0.0,22979,8702.088389439701,0.3786974363305497
https://github.com/mParticle/mparticle-apple-sdk,2024-08-01,949,715.8296836982968,0.7542989290814508,23928,9417.918073137998,0.3935940351528752
https://github.com/mParticle/mparticle-apple-sdk,2024-09-01,1170,420.0,0.358974358974359,25098,9837.918073137998,0.3919801606955932
https://github.com/mParticle/mparticle-apple-sdk,2024-10-01,1350,860.1981978467779,0.6371838502568725,26448,10698.116270984778,0.4044962292417112
https://github.com/mParticle/mparticle-apple-sdk,2024-11-01,14522,8893.624113475176,0.6124241918107132,40970,19591.740384459954,0.47819722686014043
https://github.com/mParticle/mparticle-apple-sdk,2025-01-01,3234,1895.0855683269476,0.5859881163657846,44204,21486.8259527869,0.4860832945612818
https://github.com/mParticle/mparticle-apple-sdk,2025-02-01,4411,1409.9247863247863,0.31963835554858,48615,22896.75073911169,0.4709811938519323
https://github.com/magefan/module-blog,2022-09-01,1947,0.0,0.0,1947,0.0,0.0
https://github.com/magefan/module-blog,2022-10-01,63,8.333333333333332,0.13227513227513227,2010,8.333333333333332,0.004145936981757877
https://github.com/magefan/module-blog,2022-11-01,99,8.0,0.08080808080808081,2109,16.333333333333332,0.0077445866919551125
https://github.com/magefan/module-blog,2022-12-01,69,8.0,0.11594202898550725,2178,24.333333333333332,0.011172329354147536
https://github.com/magefan/module-blog,2023-01-01,6,0.0,0.0,2184,24.333333333333332,0.011141636141636142
https://github.com/magefan/module-blog,2023-02-01,748,16.666666666666664,0.02228163992869875,2932,41.0,0.01398362892223738
https://github.com/magefan/module-blog,2023-03-01,1325,125.06060606060606,0.09438536306460835,4257,166.06060606060606,0.039008833934838165
https://github.com/magefan/module-blog,2023-04-01,278,81.33333333333333,0.2925659472422062,4535,247.39393939393938,0.05455213658080251
https://github.com/magefan/module-blog,2023-05-01,1160,87.45794392523365,0.07539477924589108,5695,334.85188331917306,0.05879752121495576
https://github.com/magefan/module-blog,2023-06-01,847,311.69642857142856,0.36800050598751893,6542,646.5483118906016,0.09883037479220445
https://github.com/magefan/module-blog,2023-07-01,40,32.25,0.80625,6582,678.7983118906016,0.10312949132339738
https://github.com/magefan/module-blog,2023-08-01,3229,827.477966101695,0.2562644676685336,9811,1506.2762779922966,0.15352933217738218
https://github.com/magefan/module-blog,2023-09-01,66,0.0,0.0,9877,1506.2762779922966,0.15250341986355134
https://github.com/magefan/module-blog,2023-10-01,156,24.0,0.15384615384615385,10033,1530.2762779922966,0.15252429761709327
https://github.com/magefan/module-blog,2023-11-01,175,139.44808743169398,0.7968462138953941,10208,1669.7243654239905,0.16357017686363542
https://github.com/magefan/module-blog,2023-12-01,11,5.5,0.5,10219,1675.2243654239905,0.16393231876152173
https://github.com/magefan/module-blog,2024-01-01,351,64.66666666666667,0.18423551756885093,10570,1739.8910320906573,0.1646065309451899
https://github.com/magefan/module-blog,2024-02-01,4053,647.7527301278906,0.1598205601105084,14623,2387.6437622185476,0.1632800220350508
https://github.com/magefan/module-blog,2024-03-01,1169,387.36242779675473,0.33136221368413576,15792,2775.0061900153028,0.1757222764700673
https://github.com/magefan/module-blog,2024-04-01,2054,65.95394736842105,0.032110003587352026,17846,2840.9601373837236,0.1591931041905034
https://github.com/magefan/module-blog,2024-05-01,476,118.52380952380952,0.24899959983993597,18322,2959.483946907533,0.16152624969476767
https://github.com/magefan/module-blog,2024-06-01,54,28.0,0.5185185185185185,18376,2987.483946907533,0.1625753127398527
https://github.com/magefan/module-blog,2024-07-01,519,411.04761904761904,0.7919992659877053,18895,3398.531565955152,0.17986406805795987
https://github.com/magefan/module-blog,2024-08-01,1068,833.3762559750269,0.7803148464185645,19963,4231.907821930179,0.2119875680974893
https://github.com/magefan/module-blog,2024-09-01,2593,657.5563530407159,0.25358902932538213,22556,4889.464174970895,0.21677000243708527
https://github.com/magefan/module-blog,2024-10-01,196,29.333333333333332,0.14965986394557823,22752,4918.797508304228,0.21619187360690173
https://github.com/magefan/module-blog,2024-11-01,242,132.85185185185185,0.5489745944291399,22994,5051.649360156081,0.21969424024337134
https://github.com/magefan/module-blog,2024-12-01,930,251.58333333333331,0.2705197132616487,23924,5303.232693489414,0.2216699838442323
https://github.com/magefan/module-blog,2025-01-01,431,248.66081871345028,0.576939254555569,24355,5551.893512202863,0.2279570319114294
https://github.com/magefan/module-blog,2025-02-01,819,489.2621483375959,0.5973896805098851,25174,6041.155660540459,0.23997599350681098
https://github.com/makinacorpus/django-leaflet,2022-10-01,2,0.0,0.0,2,0.0,0.0
https://github.com/makinacorpus/django-leaflet,2023-05-01,2848,1163.2446633825944,0.4084426486596188,2850,1163.2446633825944,0.4081560222395068
https://github.com/makinacorpus/django-leaflet,2023-06-01,19,1.0,0.05263157894736842,2869,1164.2446633825944,0.4058015557276383
https://github.com/makinacorpus/django-leaflet,2024-01-01,16,0.0,0.0,2885,1164.2446633825944,0.40355100983798764
https://github.com/makinacorpus/django-leaflet,2024-03-01,11,0.0,0.0,2896,1164.2446633825944,0.4020181848696804
https://github.com/makinacorpus/django-leaflet,2024-05-01,319,202.33333333333331,0.6342737722048066,3215,1366.5779967159276,0.42506314050262134
https://github.com/makinacorpus/django-leaflet,2024-06-01,52,0.3333333333333333,0.00641025641025641,3267,1366.911330049261,0.41839955006099205
https://github.com/makinacorpus/django-leaflet,2024-07-01,7,0.0,0.0,3274,1366.911330049261,0.41750498779757517
https://github.com/makinacorpus/django-leaflet,2024-09-01,52,8.666666666666666,0.16666666666666666,3326,1375.5779967159276,0.4135832822356968
https://github.com/makinacorpus/django-leaflet,2024-10-01,35,11.0,0.3142857142857143,3361,1386.5779967159276,0.4125492403201213
https://github.com/makinacorpus/django-leaflet,2025-02-01,36,0.0,0.0,3397,1386.5779967159276,0.40817721422311676
https://github.com/mdn/webextensions-examples,2022-10-01,6,0.0,0.0,6,0.0,0.0
https://github.com/mdn/webextensions-examples,2022-11-01,32,0.0,0.0,38,0.0,0.0
https://github.com/mdn/webextensions-examples,2022-12-01,210,2.6666666666666665,0.012698412698412698,248,2.6666666666666665,0.01075268817204301
https://github.com/mdn/webextensions-examples,2023-01-01,256,0.0,0.0,504,2.6666666666666665,0.005291005291005291
https://github.com/mdn/webextensions-examples,2023-03-01,21,19.0,0.9047619047619048,525,21.666666666666668,0.04126984126984127
https://github.com/mdn/webextensions-examples,2023-04-01,16,0.0,0.0,541,21.666666666666668,0.04004929143561307
https://github.com/mdn/webextensions-examples,2023-05-01,754,736.0,0.9761273209549072,1295,757.6666666666666,0.585070785070785
https://github.com/mdn/webextensions-examples,2023-06-01,2,0.0,0.0,1297,757.6666666666666,0.5841685941917245
https://github.com/mdn/webextensions-examples,2023-08-01,31,0.0,0.0,1328,757.6666666666666,0.5705321285140562
https://github.com/mdn/webextensions-examples,2023-09-01,20,0.0,0.0,1348,757.6666666666666,0.5620672601384767
https://github.com/mdn/webextensions-examples,2023-10-01,112,0.0,0.0,1460,757.6666666666666,0.5189497716894977
https://github.com/mdn/webextensions-examples,2023-11-01,3369,50.51851851851852,0.0149951079010147,4829,808.1851851851851,0.16736077556123113
https://github.com/mdn/webextensions-examples,2024-04-01,20,0.0,0.0,4849,808.1851851851851,0.16667048570533824
https://github.com/mdn/webextensions-examples,2024-05-01,14,0.0,0.0,4863,808.1851851851851,0.16619066115261877
https://github.com/mdn/webextensions-examples,2024-06-01,2,0.0,0.0,4865,808.1851851851851,0.16612234022305963
https://github.com/mdn/webextensions-examples,2024-07-01,237,87.0,0.3670886075949367,5102,895.1851851851851,0.17545769995789595
https://github.com/mdn/webextensions-examples,2024-08-01,2448,0.0,0.0,7550,895.1851851851851,0.11856757419671327
https://github.com/mdn/webextensions-examples,2024-09-01,11,0.0,0.0,7561,895.1851851851851,0.11839507805649849
https://github.com/mdn/webextensions-examples,2024-10-01,1450,0.0,0.0,9011,895.1851851851851,0.09934360061981856
https://github.com/mdn/webextensions-examples,2024-11-01,2,0.0,0.0,9013,895.1851851851851,0.0993215561062005
https://github.com/mdn/webextensions-examples,2025-02-01,920,796.2937853107344,0.8655367231638418,9933,1691.4789704959194,0.1702888322255028
https://github.com/mollie/OpenCart,2023-11-01,84454,28437.094886548693,0.33671696884160246,84454,28437.094886548693,0.33671696884160246
https://github.com/mollie/OpenCart,2024-03-01,6924,1154.0,0.16666666666666666,91378,29591.094886548693,0.3238317197416084
https://github.com/mollie/OpenCart,2024-06-01,1824,523.5555555555555,0.28703703703703703,93202,30114.65044210425,0.32311163324933206
https://github.com/mollie/OpenCart,2024-08-01,11866,5153.919191919192,0.4343434343434343,105068,35268.56963402344,0.33567375065694066
https://github.com/mollie/OpenCart,2025-01-01,7186,3018.418483904465,0.4200415368639668,112254,38286.988117927904,0.3410745997285433
https://github.com/mollie/mollie-api-node,2022-11-01,1756,0.0,0.0,1756,0.0,0.0
https://github.com/mollie/mollie-api-node,2022-12-01,9350,949.15820906782,0.10151424695912514,11106,949.15820906782,0.08546355205004683
https://github.com/mollie/mollie-api-node,2023-03-01,2536,0.0,0.0,13642,949.15820906782,0.06957617717840639
https://github.com/mollie/mollie-api-node,2023-04-01,12,0.0,0.0,13654,949.15820906782,0.069515029227173
https://github.com/mollie/mollie-api-node,2023-05-01,1212,0.0,0.0,14866,949.15820906782,0.06384758570347236
https://github.com/mollie/mollie-api-node,2023-06-01,4342,77.0,0.01773376324274528,19208,1026.15820906782,0.053423480272168894
https://github.com/mollie/mollie-api-node,2023-08-01,38,23.222222222222225,0.6111111111111112,19246,1049.3804312900422,0.05452459894471798
https://github.com/mollie/mollie-api-node,2023-09-01,96,10.0,0.10416666666666667,19342,1059.3804312900422,0.05477098703805409
https://github.com/mollie/mollie-api-node,2024-01-01,52,0.0,0.0,19394,1059.3804312900422,0.05462413278797784
https://github.com/mollie/mollie-api-node,2024-02-01,3908,222.66666666666666,0.05697714090754009,23302,1282.047097956709,0.055018757958832244
https://github.com/mollie/mollie-api-node,2024-07-01,806,330.1,0.40955334987593056,24108,1612.1470979567089,0.06687187232274386
https://github.com/mollie/mollie-api-node,2024-09-01,28806,7272.166666666666,0.25245319262190746,52914,8884.313764623375,0.16790100473642847
https://github.com/mollie/mollie-api-node,2024-10-01,6,0.0,0.0,52920,8884.313764623375,0.16788196834133362
https://github.com/mollie/mollie-api-node,2025-01-01,476,363.0,0.7626050420168067,53396,9247.313764623375,0.17318364230697758
https://github.com/mollie/mollie-api-node,2025-02-01,251,207.79365079365078,0.8278631505723139,53647,9455.107415417026,0.17624671305789746
https://github.com/mollie/mollie-api-php,2022-10-01,303,0.0,0.0,303,0.0,0.0
https://github.com/mollie/mollie-api-php,2022-11-01,308,0.0,0.0,611,0.0,0.0
https://github.com/mollie/mollie-api-php,2022-12-01,3348,14.600000000000001,0.004360812425328555,3959,14.600000000000001,0.003687799949482193
https://github.com/mollie/mollie-api-php,2023-01-01,317,215.39383561643834,0.6794758221338749,4276,229.99383561643833,0.053787145841075384
https://github.com/mollie/mollie-api-php,2023-03-01,137,15.555555555555554,0.113544201135442,4413,245.54939117199388,0.05564228215998048
https://github.com/mollie/mollie-api-php,2023-04-01,301,247.88235294117646,0.8235294117647058,4714,493.43174411317034,0.10467368351997673
https://github.com/mollie/mollie-api-php,2023-05-01,783,570.1221835075494,0.7281253940070873,5497,1063.5539276207196,0.193478975372152
https://github.com/mollie/mollie-api-php,2023-06-01,840,249.31730769230768,0.2968063186813187,6337,1312.8712353130275,0.2071755144884058
https://github.com/mollie/mollie-api-php,2023-07-01,200,29.333333333333332,0.14666666666666667,6537,1342.2045686463607,0.2053242417999634
https://github.com/mollie/mollie-api-php,2023-08-01,5,0.0,0.0,6542,1342.2045686463607,0.2051673140700643
https://github.com/mollie/mollie-api-php,2023-10-01,4669,2512.0407272007346,0.5380254288286003,11211,3854.2452958470953,0.3437913920120502
https://github.com/mollie/mollie-api-php,2023-11-01,4243,855.571688034188,0.20164310347258732,15454,4709.816983881284,0.30476362002596635
https://github.com/mollie/mollie-api-php,2023-12-01,40,0.0,0.0,15494,4709.816983881284,0.30397682870022485
https://github.com/mollie/mollie-api-php,2024-01-01,1949,858.3333333333334,0.4403967846759022,17443,5568.150317214617,0.3192197624958216
https://github.com/mollie/mollie-api-php,2024-03-01,34,0.0,0.0,17477,5568.150317214617,0.3185987479095163
https://github.com/mollie/mollie-api-php,2024-04-01,83,3.333333333333333,0.040160642570281124,17560,5571.48365054795,0.3172826680266486
https://github.com/mollie/mollie-api-php,2024-05-01,13,0.0,0.0,17573,5571.48365054795,0.3170479514339014
https://github.com/mollie/mollie-api-php,2024-06-01,9485,3936.9030630348875,0.4150662164506998,27058,9508.386713582837,0.351407595298353
https://github.com/mollie/mollie-api-php,2024-07-01,4582,1042.9911639030788,0.22762792752140523,31640,10551.377877485917,0.33348223380170405
https://github.com/mollie/mollie-api-php,2024-08-01,624,535.6460176991151,0.8584070796460177,32264,11087.023895185032,0.34363451200052786
https://github.com/mollie/mollie-api-php,2024-09-01,19457,15943.982502478682,0.8194471142765423,51721,27031.006397663714,0.5226311633120727
https://github.com/mollie/mollie-api-php,2024-10-01,411,121.30769230769232,0.2951525360284485,52132,27152.314089971405,0.5208377597247642
https://github.com/mollie/mollie-api-php,2024-11-01,26361,11342.00645609853,0.4302570636963139,78493,38494.32054606994,0.4904172416147929
https://github.com/mollie/mollie-api-php,2024-12-01,35448,17677.820217672604,0.49869725281179766,113941,56172.140763742544,0.492993222490083
https://github.com/mollie/mollie-api-php,2025-01-01,5866,3579.0187748257367,0.6101293513170366,119807,59751.159538568274,0.49872845108022296
https://github.com/mollie/mollie-api-php,2025-02-01,36921,9933.717660693537,0.26905332089308354,156728,69684.87719926181,0.44462302332232795
https://github.com/ncbi/icn3d,2022-09-01,1070,240.990990990991,0.22522522522522523,1070,240.990990990991,0.22522522522522523
https://github.com/ncbi/icn3d,2022-10-01,19468,3350.6679308992443,0.17211156415138917,20538,3591.6589218902354,0.17487870882706374
https://github.com/ncbi/icn3d,2022-11-01,22060,5401.553554672468,0.24485736875215175,42598,8993.212476562703,0.21111818574962918
https://github.com/ncbi/icn3d,2022-12-01,862310,197660.1995138919,0.22922174103732054,904908,206653.4119904546,0.22836952705739655
https://github.com/ncbi/icn3d,2023-01-01,83004,8611.579562241535,0.10374897067902192,987912,215264.99155269613,0.21789895410997753
https://github.com/ncbi/icn3d,2023-02-01,10608,2670.719829454003,0.25176468980524164,998520,217935.71138215013,0.21825873430892734
https://github.com/ncbi/icn3d,2023-03-01,37930,12101.265702197967,0.3190420696598462,1036450,230036.9770843481,0.22194700862014385
https://github.com/ncbi/icn3d,2023-04-01,37878,7438.208452335264,0.19637278769563504,1074328,237475.18553668336,0.22104532836962582
https://github.com/ncbi/icn3d,2023-05-01,32186,2940.6854658145016,0.09136535965371595,1106514,240415.87100249788,0.21727323016473166
https://github.com/ncbi/icn3d,2023-06-01,124396,24094.417034747683,0.19369125240962476,1230910,264510.28803724557,0.21489003098296836
https://github.com/ncbi/icn3d,2023-07-01,50422,5547.443677652979,0.11002030220247073,1281332,270057.73171489855,0.2107632773667547
https://github.com/ncbi/icn3d,2023-08-01,7632,1328.9065390749602,0.17412297419745285,1288964,271386.6382539735,0.21054632887650354
https://github.com/ncbi/icn3d,2023-09-01,4628,1065.8013793103448,0.230294161475874,1293592,272452.4396332838,0.21061697941335739
https://github.com/ncbi/icn3d,2023-10-01,10446,988.40350877193,0.0946202861164015,1304038,273440.8431420558,0.20968778758138626
https://github.com/ncbi/icn3d,2023-11-01,3620,174.4970414201183,0.04820360260224263,1307658,273615.34018347587,0.2092407496329131
https://github.com/ncbi/icn3d,2023-12-01,2341879,714177.160475506,0.30495903523431656,3649537,987792.5006589819,0.27066241571437194
https://github.com/ncbi/icn3d,2024-01-01,12584,1228.6840579710142,0.09763859329076718,3662121,989021.1847169528,0.2700678608699584
https://github.com/ncbi/icn3d,2024-02-01,247410,72287.65001588294,0.2921775595807887,3909531,1061308.8347328359,0.2714670467462301
https://github.com/ncbi/icn3d,2024-03-01,174022,80784.2473644674,0.46421858939942884,4083553,1142093.0820973031,0.2796812192953791
https://github.com/ncbi/icn3d,2024-04-01,23287,5873.0559928443645,0.2522032031968207,4106840,1147966.1380901476,0.2795254108000671
https://github.com/ncbi/icn3d,2024-05-01,188892,3207.827523556006,0.016982336592105574,4295732,1151173.9656137035,0.2679808623102427
https://github.com/ncbi/icn3d,2024-06-01,40924,10253.755883445197,0.25055605227849664,4336656,1161427.7214971487,0.26781642848709897
https://github.com/ncbi/icn3d,2024-07-01,11362,1665.2664714085272,0.14656455477983868,4348018,1163092.9879685573,0.2674995798013157
https://github.com/ncbi/icn3d,2024-08-01,2820,556.9724770642201,0.197507970590149,4350838,1163649.9604456215,0.26745421466982255
https://github.com/ncbi/icn3d,2024-09-01,2658,176.0744101633393,0.06624319419237747,4353496,1163826.0348557848,0.2673313665283682
https://github.com/ncbi/icn3d,2024-10-01,18366,3920.60378879484,0.21347074968936294,4371862,1167746.6386445798,0.2671051004456636
https://github.com/ncbi/icn3d,2024-11-01,15252,5898.012603648424,0.3867042095232379,4387114,1173644.651248228,0.26752089215101954
https://github.com/ncbi/icn3d,2024-12-01,55485,9688.435793196937,0.17461360355405853,4442599,1183333.087041425,0.2663605441412617
https://github.com/ncbi/icn3d,2025-01-01,113581,19822.323807951663,0.17452147637326368,4556180,1203155.4108493768,0.2640710882470352
https://github.com/ncbi/icn3d,2025-02-01,696,116.0,0.16666666666666666,4556876,1203271.4108493768,0.2640562110641977
https://github.com/nearform/graphql-hooks,2022-09-01,196,0.0,0.0,196,0.0,0.0
https://github.com/nearform/graphql-hooks,2022-10-01,630,322.2,0.5114285714285715,826,322.2,0.3900726392251816
https://github.com/nearform/graphql-hooks,2022-11-01,2154,225.04426002766252,0.10447737234339022,2980,547.2442600276624,0.18363901343210148
https://github.com/nearform/graphql-hooks,2022-12-01,16,0.0,0.0,2996,547.2442600276624,0.1826582977395402
https://github.com/nearform/graphql-hooks,2023-01-01,384,181.77263969171486,0.4733662491971741,3380,729.0168997193773,0.2156854732897566
https://github.com/nearform/graphql-hooks,2023-02-01,327,36.0,0.11009174311926606,3707,765.0168997193773,0.20637089282961352
https://github.com/nearform/graphql-hooks,2023-03-01,239,42.666666666666664,0.17852161785216178,3946,807.683566386044,0.2046841273152671
https://github.com/nearform/graphql-hooks,2023-04-01,217,0.0,0.0,4163,807.683566386044,0.19401478894692387
https://github.com/nearform/graphql-hooks,2023-06-01,48,0.0,0.0,4211,807.683566386044,0.19180326914890622
https://github.com/nearform/graphql-hooks,2023-07-01,285,126.0,0.4421052631578947,4496,933.683566386044,0.20766983238123757
https://github.com/nearform/graphql-hooks,2023-08-01,465,417.23790322580646,0.8972858133888311,4961,1350.9214696118506,0.2723082986518546
https://github.com/nearform/graphql-hooks,2023-10-01,190,44.0,0.23157894736842105,5151,1394.9214696118506,0.2708059541082995
https://github.com/nearform/graphql-hooks,2024-01-01,1283,789.5542168674699,0.6153968954539906,6434,2184.4756864793203,0.3395206227042773
https://github.com/nearform/graphql-hooks,2024-03-01,10,0.0,0.0,6444,2184.4756864793203,0.3389937440222409
https://github.com/nearform/graphql-hooks,2024-04-01,190,0.0,0.0,6634,2184.4756864793203,0.32928484873067837
https://github.com/nearform/graphql-hooks,2024-06-01,520,229.4920634920635,0.4413308913308913,7154,2413.967749971384,0.3374290956068471
https://github.com/nearform/graphql-hooks,2024-07-01,165,122.25333333333333,0.7409292929292929,7319,2536.2210833047175,0.3465256296358406
https://github.com/nearform/graphql-hooks,2024-12-01,112,0.0,0.0,7431,2536.2210833047175,0.3413027968382072
https://github.com/nearform/graphql-hooks,2025-01-01,171,34.0,0.19883040935672514,7602,2570.2210833047175,0.33809801148444063
https://github.com/npm/node-semver,2022-09-01,94,0.0,0.0,94,0.0,0.0
https://github.com/npm/node-semver,2022-10-01,473,0.0,0.0,567,0.0,0.0
https://github.com/npm/node-semver,2022-11-01,64,0.0,0.0,631,0.0,0.0
https://github.com/npm/node-semver,2022-12-01,4,0.0,0.0,635,0.0,0.0
https://github.com/npm/node-semver,2023-01-01,156,0.0,0.0,791,0.0,0.0
https://github.com/npm/node-semver,2023-02-01,27,0.0,0.0,818,0.0,0.0
https://github.com/npm/node-semver,2023-03-01,25,0.0,0.0,843,0.0,0.0
https://github.com/npm/node-semver,2023-04-01,755,422.7148148148148,0.559887171940152,1598,422.7148148148148,0.2645274185324248
https://github.com/npm/node-semver,2023-05-01,180,67.0,0.37222222222222223,1778,489.7148148148148,0.2754301545640128
https://github.com/npm/node-semver,2023-06-01,419,267.22222222222223,0.637761866878812,2197,756.937037037037,0.3445321060705676
https://github.com/npm/node-semver,2023-07-01,122,18.0,0.14754098360655737,2319,774.937037037037,0.33416862312938206
https://github.com/npm/node-semver,2023-09-01,477,0.0,0.0,2796,774.937037037037,0.27715916918348965
https://github.com/npm/node-semver,2023-11-01,3,0.6666666666666666,0.2222222222222222,2799,775.6037037037037,0.2771002871395869
https://github.com/npm/node-semver,2023-12-01,1121,0.0,0.0,3920,775.6037037037037,0.19785808767951624
https://github.com/npm/node-semver,2024-01-01,69,23.0,0.3333333333333333,3989,798.6037037037037,0.20020147999591467
https://github.com/npm/node-semver,2024-02-01,28,0.0,0.0,4017,798.6037037037037,0.19880600042412339
https://github.com/npm/node-semver,2024-03-01,75,0.0,0.0,4092,798.6037037037037,0.19516219543101263
https://github.com/npm/node-semver,2024-04-01,206,196.0,0.9514563106796117,4298,994.6037037037037,0.2314108198473019
https://github.com/npm/node-semver,2024-05-01,308,81.0,0.262987012987013,4606,1075.6037037037038,0.23352229780801212
https://github.com/npm/node-semver,2024-06-01,2,0.0,0.0,4608,1075.6037037037038,0.23342094264403293
https://github.com/npm/node-semver,2024-07-01,57,25.253968253968257,0.44305207463102203,4665,1100.857671957672,0.23598235197377748
https://github.com/npm/node-semver,2024-08-01,41,0.0,0.0,4706,1100.857671957672,0.23392640713082702
https://github.com/npm/node-semver,2024-12-01,2,0.0,0.0,4708,1100.857671957672,0.23382703312609857
https://github.com/npm/node-semver,2025-01-01,145,64.0,0.4413793103448276,4853,1164.857671957672,0.24002836842317576
https://github.com/npm/node-semver,2025-02-01,27,12.666666666666666,0.4691358024691358,4880,1177.5243386243387,0.24129597102957762
https://github.com/okta/okta-auth-js,2022-09-01,87,0.0,0.0,87,0.0,0.0
https://github.com/okta/okta-auth-js,2022-10-01,9103,4394.7037037037035,0.4827753162368124,9190,4394.7037037037035,0.4782049731995325
https://github.com/okta/okta-auth-js,2022-11-01,3877,2633.828570272416,0.6793470648110436,13067,7028.5322739761195,0.5378841565758108
https://github.com/okta/okta-auth-js,2022-12-01,3127,2742.047520523706,0.8768939944111629,16194,9770.579794499827,0.6033456708966177
https://github.com/okta/okta-auth-js,2023-01-01,80,80.0,1.0,16274,9850.579794499827,0.6052955508479677
https://github.com/okta/okta-auth-js,2023-02-01,316,78.68115942028986,0.2489910108237021,16590,9929.260953920115,0.5985087977046483
https://github.com/okta/okta-auth-js,2023-03-01,66,46.51851851851852,0.7048260381593715,16656,9975.779472438635,0.598930083599822
https://github.com/okta/okta-auth-js,2023-04-01,215,196.83333333333331,0.9155038759689922,16871,10172.612805771967,0.6029644245019244
https://github.com/okta/okta-auth-js,2023-05-01,768,1.3333333333333333,0.001736111111111111,17639,10173.946139105301,0.5767870139523387
https://github.com/okta/okta-auth-js,2023-06-01,517,72.0,0.13926499032882012,18156,10245.946139105301,0.564328383956009
https://github.com/okta/okta-auth-js,2023-07-01,1285,660.4925925925926,0.5140020175817841,19441,10906.438731697894,0.5610019408311246
https://github.com/okta/okta-auth-js,2023-08-01,548,209.17647058823528,0.3817088879347359,19989,11115.615202286128,0.5560866077485681
https://github.com/okta/okta-auth-js,2023-10-01,722,364.01075268817203,0.5041700175736454,20711,11479.6259549743,0.5542767589674231
https://github.com/okta/okta-auth-js,2023-11-01,437,180.02094017094018,0.41194723151244894,21148,11659.64689514524,0.5513356769030282
https://github.com/okta/okta-auth-js,2023-12-01,615,556.0090702947846,0.9040797890972107,21763,12215.655965440026,0.561303862768921
https://github.com/okta/okta-auth-js,2024-01-01,7216,3560.246913580247,0.49338233281322713,28979,15775.902879020272,0.5443908650754088
https://github.com/okta/okta-auth-js,2024-02-01,3,0.0,0.0,28982,15775.902879020272,0.5443345138023695
https://github.com/okta/okta-auth-js,2024-03-01,4,0.0,0.0,28986,15775.902879020272,0.5442593969164518
https://github.com/okta/okta-auth-js,2024-04-01,4783,3280.1474039085842,0.6857928923078788,33769,19056.050282928856,0.5643060286928502
https://github.com/okta/okta-auth-js,2024-05-01,42,23.849999999999998,0.5678571428571428,33811,19079.90028292886,0.5643104398843234
https://github.com/okta/okta-auth-js,2024-08-01,597,215.35422922922925,0.3607273521427626,34408,19295.254512158084,0.5607781478771822
https://github.com/okta/okta-auth-js,2024-10-01,330,94.91575091575092,0.28762348762348766,34738,19390.170263073836,0.5581832651008647
https://github.com/okta/okta-auth-js,2024-12-01,1360,111.0,0.08161764705882353,36098,19501.170263073836,0.5402285518054695
https://github.com/okta/okta-auth-js,2025-01-01,751,498.7349170437405,0.6640944301514521,36849,19999.905180117577,0.5427529968280707
https://github.com/okta/okta-auth-js,2025-02-01,1225,322.63247863247864,0.26337345194488054,38074,20322.537658750058,0.5337641870764842
https://github.com/onelogin/php-saml,2022-11-01,3432,0.0,0.0,3432,0.0,0.0
https://github.com/onelogin/php-saml,2022-12-01,28,0.0,0.0,3460,0.0,0.0
https://github.com/onelogin/php-saml,2023-01-01,22,0.0,0.0,3482,0.0,0.0
https://github.com/onelogin/php-saml,2023-03-01,2,0.0,0.0,3484,0.0,0.0
https://github.com/onelogin/php-saml,2023-05-01,36,2.6666666666666665,0.07407407407407407,3520,2.6666666666666665,0.0007575757575757576
https://github.com/onelogin/php-saml,2023-06-01,3,0.0,0.0,3523,2.6666666666666665,0.0007569306462295391
https://github.com/onelogin/php-saml,2023-09-01,83634,39958.64710394238,0.47777993524095913,87157,39961.31377060904,0.45849804112818293
https://github.com/onelogin/php-saml,2023-11-01,3,0.0,0.0,87160,39961.31377060904,0.45848225987389907
https://github.com/onelogin/php-saml,2023-12-01,4,0.0,0.0,87164,39961.31377060904,0.45846121989134325
https://github.com/onelogin/php-saml,2024-01-01,538,0.0,0.0,87702,39961.31377060904,0.45564883093440334
https://github.com/onelogin/php-saml,2024-04-01,18,0.0,0.0,87720,39961.31377060904,0.45555533254228275
https://github.com/onelogin/php-saml,2024-05-01,387,148.0,0.38242894056847543,88107,40109.31377060904,0.4552341331631884
https://github.com/onelogin/php-saml,2024-06-01,4,0.0,0.0,88111,40109.31377060904,0.4552134667704264
https://github.com/onelogin/php-saml,2024-07-01,6,0.0,0.0,88117,40109.31377060904,0.45518247069928663
https://github.com/onelogin/php-saml,2024-08-01,146,0.0,0.0,88263,40109.31377060904,0.45442953186056495
https://github.com/onelogin/php-saml,2024-09-01,319,72.72222222222221,0.2279693486590038,88582,40182.03599283126,0.4536140072794841
https://github.com/onelogin/php-saml,2025-01-01,42,0.0,0.0,88624,40182.03599283126,0.45339903404079324
https://github.com/osmlab/osm-community-index,2022-09-01,298,0.0,0.0,298,0.0,0.0
https://github.com/osmlab/osm-community-index,2022-10-01,5113,0.0,0.0,5411,0.0,0.0
https://github.com/osmlab/osm-community-index,2022-11-01,4707,0.0,0.0,10118,0.0,0.0
https://github.com/osmlab/osm-community-index,2022-12-01,7083,0.0,0.0,17201,0.0,0.0
https://github.com/osmlab/osm-community-index,2023-01-01,1589,0.0,0.0,18790,0.0,0.0
https://github.com/osmlab/osm-community-index,2023-02-01,268,0.0,0.0,19058,0.0,0.0
https://github.com/osmlab/osm-community-index,2023-03-01,318,0.0,0.0,19376,0.0,0.0
https://github.com/osmlab/osm-community-index,2023-04-01,3380,0.0,0.0,22756,0.0,0.0
https://github.com/osmlab/osm-community-index,2023-06-01,53934,69.0,0.0012793414172877961,76690,69.0,0.0008997261702959969
https://github.com/osmlab/osm-community-index,2023-07-01,1502,0.0,0.0,78192,69.0,0.0008824432166973604
https://github.com/osmlab/osm-community-index,2023-08-01,3790,0.0,0.0,81982,69.0,0.0008416481666707326
https://github.com/osmlab/osm-community-index,2023-09-01,743,0.0,0.0,82725,69.0,0.0008340888485947416
https://github.com/osmlab/osm-community-index,2023-10-01,18,0.0,0.0,82743,69.0,0.000833907400021754
https://github.com/osmlab/osm-community-index,2023-11-01,193,0.0,0.0,82936,69.0,0.0008319668177872094
https://github.com/osmlab/osm-community-index,2023-12-01,3107,6.352941176470587,0.0020447187565080746,86043,75.35294117647058,0.0008757591108686422
https://github.com/osmlab/osm-community-index,2024-02-01,142518,0.0,0.0,228561,75.35294117647058,0.00032968415948683537
https://github.com/osmlab/osm-community-index,2024-04-01,62391,0.0,0.0,290952,75.35294117647058,0.0002589875346327593
https://github.com/osmlab/osm-community-index,2024-05-01,5696,0.0,0.0,296648,75.35294117647058,0.0002540146610679006
https://github.com/osmlab/osm-community-index,2024-07-01,8522,0.0,0.0,305170,75.35294117647058,0.000246921195322183
https://github.com/osmlab/osm-community-index,2024-08-01,38,0.0,0.0,305208,75.35294117647058,0.0002468904523356877
https://github.com/osmlab/osm-community-index,2024-09-01,6486,0.0,0.0,311694,75.35294117647058,0.0002417529409500041
https://github.com/osmlab/osm-community-index,2024-10-01,36,0.0,0.0,311730,75.35294117647058,0.00024172502221945458
https://github.com/osmlab/osm-community-index,2024-11-01,919,0.0,0.0,312649,75.35294117647058,0.00024101449605298778
https://github.com/osmlab/osm-community-index,2024-12-01,22640,0.0,0.0,335289,75.35294117647058,0.00022474027235152533
https://github.com/osmlab/osm-community-index,2025-01-01,2178,0.0,0.0,337467,75.35294117647058,0.00022328980663730255
https://github.com/pcengines/apu2-documentation,2022-10-01,12,0.0,0.0,12,0.0,0.0
https://github.com/pcengines/apu2-documentation,2023-01-01,314,0.0,0.0,326,0.0,0.0
https://github.com/pcengines/apu2-documentation,2023-11-01,94,0.0,0.0,420,0.0,0.0
https://github.com/pcengines/apu2-documentation,2023-12-01,4,0.0,0.0,424,0.0,0.0
https://github.com/pcengines/apu2-documentation,2025-01-01,22,0.0,0.0,446,0.0,0.0
